Age,Income,Total_Spending,NumWebPurchases,NumStorePurchases,NumWebVisitsMonth,Recency,z1,z2,ae_cluster,pca1,pca2,pca_cluster
68,58138.0,1617,8,4,7,58,0.0847833,-0.20002687,0,1.1248008604971131,-0.5085396895753387,0
71,46344.0,27,1,2,5,38,0.93304825,0.9106779,2,-1.3169193739245186,0.15477991722086037,3
60,71613.0,776,8,10,4,26,-2.8503916,-1.0767982,5,1.9426229286117715,-1.0626269511895776,0
41,26646.0,53,2,4,6,26,2.0885167,0.7096279,2,-1.8798862426484406,-0.4670847580895159,5
44,58293.0,422,5,6,5,94,0.87324536,-1.4416217,0,0.05211673581695728,1.31789382214138,1
58,62513.0,716,6,10,6,16,-2.6451547,-1.3062266,5,1.0892485663802238,-1.4011059878447492,4
54,55635.0,590,7,7,6,34,-1.6009984,-0.3393225,5,0.48120274736572066,-0.9405379677172951,4
40,33454.0,169,4,4,8,32,1.9361215,0.61477005,2,-1.6815791508964135,-0.8259126678362467,5
51,30351.0,46,3,2,9,19,1.8368005,1.3623968,2,-2.286961605758711,-1.2278394114396871,5
75,5648.0,49,1,0,20,68,1.9541441,3.6721745,2,-4.761504580335795,-1.2712259571702083,5
49,7500.0,61,2,3,8,59,2.4213626,0.43127984,2,-2.658300753011354,0.12956609294962143,5
66,63033.0,1102,3,8,2,82,0.36309016,-1.7691404,0,1.482836606323664,1.537843875356381,2
73,59354.0,310,6,5,6,53,0.7009467,0.043727864,0,0.16977723639578302,-0.26558334055608573,1
38,17323.0,46,1,3,8,38,2.661486,0.70581704,2,-2.713429878232491,-0.26753295373630415,5
79,82800.0,1315,7,12,3,23,-1.2155763,-1.2341495,5,3.197783252976275,-0.967619524349464,0
45,41850.0,96,3,3,8,51,1.9242542,0.44413486,2,-1.7456819927016134,-0.09912482801911848,5
79,37760.0,317,4,6,7,20,0.70163333,1.0457762,2,-0.5350160459475642,-1.2389942945583141,4
76,76995.0,1782,11,9,5,91,-0.058692962,-0.40648156,0,3.216328492789921,0.2556630055218556,2
40,33812.0,133,2,3,6,86,2.0811493,0.17684619,2,-1.7795965280755297,1.3484620987379154,3
43,37040.0,316,4,5,8,41,1.6116902,0.5181637,2,-1.292745513852176,-0.5879841213138802,5
46,2447.0,1730,0,0,1,42,1.5219531,-2.9587028,4,-1.0569537812682088,0.9720715755749353,3
76,58607.0,972,2,9,8,63,0.3617242,-0.47433585,0,0.49144405177868283,0.15610530157032482,1
71,65324.0,544,6,9,4,0,-1.8005619,-1.4325509,5,1.3333730506601413,-1.5995710575090465,0
74,40689.0,444,7,5,8,69,0.53159785,0.10096413,0,-0.31628539972943814,-0.29667163966078003,1
56,18589.0,75,2,3,7,89,1.8789991,-0.019810064,2,-2.135620983187911,1.1655922543088466,3
49,53359.0,257,5,4,7,4,1.1936841,0.616883,2,-0.7559863010714308,-1.6059900880008022,4
36,38360.0,131,2,4,3,26,1.8159076,0.68963885,2,-1.1462731136329822,0.03453748525955648,5
60,84618.0,1672,6,10,2,96,0.10951497,-2.5200806,4,3.0611515124762954,1.592140983500895,2
36,10979.0,30,3,3,5,34,2.335761,0.70301795,2,-2.18923369432336,-0.2314763925080786,5
62,38620.0,318,2,3,3,56,1.0668533,-0.61830795,0,-0.7902594021816876,0.8240047054452857,3
55,40548.0,120,2,4,5,31,1.3484821,0.5145727,2,-1.1674375105530759,-0.18639848099028042,5
73,46610.0,302,4,6,6,8,0.71203536,0.6351857,2,-0.2665881243481843,-1.3866700471279736,4
79,68657.0,1196,3,9,7,4,-1.6183345,-1.3223987,5,1.2119329490974604,-1.545003317281916,0
74,49389.0,65,2,3,7,55,0.88127613,0.98381174,2,-1.2041623225790519,0.19952542966176295,3
55,67353.0,913,5,12,2,37,-2.49348,-2.4892056,3,2.099518382285306,-0.08536591839741697,0
49,23718.0,81,3,2,7,76,2.054395,0.26299268,2,-2.1159485161044174,0.7222900661515036,3
52,42429.0,67,1,3,5,99,1.5815593,-0.95274043,0,-1.4525337374343037,1.9905922836442127,3
82,48948.0,902,7,5,6,53,0.36980534,-0.24529538,0,0.6567297811686295,-0.4850666131591022,4
45,80011.0,1395,8,5,4,3,-5.9910007,-4.1550665,1,1.7462677767626211,-1.5266863288225208,0
40,20559.0,53,2,3,8,88,2.5518622,0.29148057,2,-2.4611965032946794,1.0680853243250865,3
68,21994.0,22,0,3,5,4,1.4790539,1.3466249,2,-1.9294932610534379,-0.8074526811499938,5
50,7500.0,31,2,3,5,19,2.0319605,0.69778687,2,-2.22759891265089,-0.6108882398441653,5
49,79941.0,984,2,9,1,72,0.60555506,-3.60196,4,1.7314455543130602,1.6386457702197592,2
29,7500.0,122,3,3,9,24,2.910812,0.8582088,2,-2.8947453400976855,-1.0920432844370271,5
57,41728.0,55,2,2,10,92,1.8526796,0.02753606,2,-2.1925142340411563,0.9195271700128844,3
71,72550.0,1319,5,12,8,39,-2.0259805,-0.75104594,5,1.8472255016806678,-0.9592397523458279,0
68,65486.0,507,4,10,2,29,-0.82589066,-1.2944187,5,1.467849785544415,-0.19551325762509775,0
61,79143.0,1693,6,13,3,2,-5.4662986,-3.0259159,3,3.2048261696543703,-1.4115894813323921,0
48,35790.0,72,2,3,7,54,1.9253163,0.4316803,2,-1.8457239910264487,0.23544221727244638,3
48,82582.0,1617,4,7,1,54,-1.2001776,-4.853348,4,2.2719239937099647,0.8949061426292997,2
47,66373.0,606,4,10,3,57,-0.59387267,-2.6116462,4,1.163763450408233,0.5752035473594383,1
70,82384.0,1957,3,13,1,55,-0.016684622,-2.4555254,4,3.5494717500612327,0.8116540807998484,2
59,70287.0,1093,5,10,3,30,-2.679851,-2.2541819,3,1.9294252908916665,-0.39724887614506194,0
37,27938.0,29,1,4,3,31,1.9957378,0.7161752,2,-1.5901215201723193,0.2757260936412706,3
57,55954.0,518,8,6,7,63,-0.07846892,0.037880696,0,0.31084308757144263,-0.3572230089655738,1
43,75777.0,1438,3,11,1,12,-6.582999,-5.2131743,1,2.3262958007162537,-0.30107664501227105,0
50,66653.0,612,4,12,3,18,-4.23358,-2.9959373,3,1.4840518343517781,-0.6309851573218207,0
73,61823.0,884,8,10,7,26,-1.6834617,-0.6408542,5,1.5089075272525483,-1.5946913950808144,0
74,67680.0,606,7,8,5,8,-1.4445692,-0.88153297,5,1.3148673010394158,-1.6270453687308795,0
77,70666.0,1076,7,4,4,29,-0.35734388,-0.8391537,0,1.4030630494842191,-0.7746947369057643,0
54,25721.0,34,1,2,7,75,2.0688093,0.26228407,2,-2.302049342100424,0.9493227382312055,3
58,32474.0,11,1,2,7,0,1.8108046,1.2948071,2,-2.136943110760047,-1.2457802417439552,5
46,88194.0,1274,11,10,5,19,-6.0402327,-1.4527646,3,2.7998110837475205,-1.7042175284981915,0
67,69096.0,653,5,10,4,4,-2.6628923,-2.1199975,3,1.4769568048591588,-1.3411775569329825,0
55,74854.0,1562,2,5,5,90,0.47913325,-2.440622,4,0.99531269251076,1.6290567324302803,2
71,66991.0,1253,4,6,3,1,-2.5823312,-2.3755095,3,1.4291242559618147,-1.08254034348371,0
66,65031.0,863,10,13,7,29,-3.1882057,-0.42532223,5,2.1628586814279442,-1.8077104662605572,0
50,60631.0,661,9,8,7,88,0.26333648,-0.041120954,0,0.872036058755731,0.23885692419461999,1
73,28332.0,65,2,4,2,58,1.0422372,-0.20869185,0,-0.8086224685852726,0.9215981276278431,3
48,40246.0,13,1,2,6,68,1.9305686,0.3465926,2,-1.9033963734974186,0.9690649354639581,3
53,75251.0,1890,7,5,5,34,-3.5053487,-2.9148836,3,1.874542335138674,-0.6853725294957415,0
49,75825.0,2209,5,9,4,40,-4.42366,-3.480688,3,2.567119423162228,-0.17407332597575825,0
49,26326.0,18,0,3,3,12,1.7492335,0.7781906,2,-1.763001383933066,-0.18103756232367899,5
60,56046.0,692,10,8,8,9,-1.8406243,0.3995109,5,0.8655594737050818,-2.423141426152807,4
40,29760.0,165,3,4,8,87,2.241951,0.2578163,2,-1.8818694868002825,0.9110159974519654,3
56,26304.0,16,1,2,7,5,1.8749493,1.3559856,2,-2.3014606568618365,-1.1125406706273322,5
52,23559.0,79,3,3,7,87,1.8819447,0.021094508,2,-1.9379209642573052,1.0071149102466384,3
62,38620.0,318,2,3,3,56,1.0668533,-0.61830795,0,-0.7902594021816876,0.8240047054452857,3
38,81361.0,778,3,13,1,18,-6.4268312,-5.5268736,1,2.1343753843794615,-0.1238054185792509,0
65,29440.0,56,1,4,7,95,1.3777951,-0.07800146,2,-1.7672561980380188,1.4525227577791848,3
55,36138.0,151,3,4,7,48,1.5255573,0.38411435,2,-1.4156281012859722,-0.13094058237089798,5
68,50388.0,372,6,6,7,3,0.41711617,0.5581257,2,-0.079540612764743,-1.9152568785635085,4
52,79593.0,1366,5,7,2,70,0.36729002,-3.2139783,4,2.0257822747590626,1.0578137159461556,2
58,54178.0,194,2,5,2,79,0.998577,-1.6706287,0,-0.13337463792928997,1.671956541935592,1
53,42394.0,32,1,3,7,69,1.811446,0.28220347,2,-1.7839923217423521,0.8135243212830567,3
55,23626.0,43,3,3,5,84,1.5425798,-0.14146577,2,-1.6251988848686687,1.1985343562619217,3
42,30096.0,45,2,3,6,30,2.0544758,0.66969985,2,-1.9334334970761393,-0.3170749359307827,5
65,47916.0,606,7,6,6,72,0.40136865,-0.10364893,0,0.3218915287252214,0.12303174487541635,1
53,51813.0,63,2,3,7,37,1.5194199,0.47377518,2,-1.418965813314371,-0.2276639887750961,5
74,78497.0,978,5,12,2,44,0.21302542,-1.210852,0,2.656877989344148,0.07602091901680455,2
42,50150.0,410,5,7,5,32,0.94380295,0.4358303,2,-0.053267134206836715,-0.5474802468457801,4
65,47823.0,72,2,3,8,0,1.4092379,1.1456952,2,-1.518907207659943,-1.5275289749478302,5
66,34554.0,55,2,3,6,43,1.1001192,1.1358945,2,-1.5140179770994657,-0.0251055306167143,5
46,85693.0,1169,9,11,5,59,-3.0341225,-0.3402634,5,2.5525308564938443,-0.29131075575428017,0
80,65846.0,1120,6,6,4,68,0.24886861,-0.7858404,0,1.5324368776690913,0.42580659041034863,2
66,87195.0,1097,3,5,1,35,-1.0144453,-2.351992,4,1.7575562860190173,0.4645078352539329,2
46,24594.0,29,1,3,5,94,2.02519,-0.5087598,2,-1.9807662639885173,1.806118776129796,3
61,49096.0,187,4,4,7,15,1.0961387,0.7553591,2,-0.8880536284932691,-1.2151819652661615,4
56,52413.0,910,6,12,6,56,-1.5436532,-0.46337065,5,1.2844590480987588,-0.3053696672213559,0
47,38557.0,145,3,3,7,17,1.7377393,0.79687417,2,-1.6166835112035192,-0.9727094581545828,5
65,89058.0,850,5,4,2,18,-2.5113418,-2.6369839,3,1.5413913996064257,-0.4129273095030616,0
46,77298.0,969,6,11,3,46,-3.0992997,-3.4987304,3,2.1039818789274016,-0.003066255007467591,0
34,68126.0,1820,7,5,9,40,-4.420776,-2.3694205,3,0.8035152298300445,-1.034581524459665,4
62,57288.0,608,8,8,6,27,-1.4010464,-0.35350585,5,0.9037445982757656,-1.3352615713688725,4
34,86037.0,730,6,11,3,95,0.51623404,-3.7642138,4,1.9771362539612376,1.5229602153747517,2
45,43974.0,551,6,6,7,19,0.9124538,0.517393,2,-0.36623171118949827,-1.3693880849418691,4
63,50785.0,114,2,3,6,27,1.1326947,0.791573,2,-1.1263677581897187,-0.4236304531020348,5
55,90765.0,1724,4,5,1,25,-4.2751207,-4.9037437,1,2.3473878355357054,0.08970373803022619,2
47,36550.0,577,9,5,9,74,0.58940876,0.053309835,0,-0.5367564353063695,-0.46406770415905135,4
58,30753.0,81,1,3,5,85,1.5416287,-0.34982026,2,-1.6448581726599911,1.510664262587895,3
56,21918.0,33,2,3,6,37,1.7770977,0.48443574,2,-1.9573322997957718,-0.2026861213154947,5
72,56129.0,660,6,10,4,65,0.2204833,-0.7296409,0,1.3893761864516023,0.2455723826881003,2
58,32557.0,80,2,3,5,13,1.4370453,0.8601451,2,-1.4988547364601086,-0.7322068767706519,5
40,19510.0,30,1,3,7,63,2.5189767,0.4979381,2,-2.4896027865357255,0.6118470160378576,3
49,30992.0,43,1,3,7,83,2.0880957,0.19131948,2,-2.0887938276989573,1.2008359113551625,3
42,101970.0,1135,6,13,2,69,-0.7690146,-4.3660893,4,3.2154013671477495,0.8745120322101444,2
60,71488.0,559,3,7,1,87,0.6402335,-2.2221835,0,1.168492445362646,1.9183975192726357,2
41,79607.0,1923,3,6,1,37,-4.2553716,-6.8913813,1,2.0910884400584053,0.5719930902222025,2
72,54348.0,90,2,4,6,51,1.0899826,0.40453544,2,-0.7991637855358027,0.23018955286591744,1
69,77376.0,661,6,10,4,72,0.23025058,-0.73640794,0,1.8547072462726713,0.5412054762358478,2
73,62998.0,463,5,5,5,10,0.51128113,0.32661933,0,0.3914908089202277,-1.2353981566894152,4
67,61331.0,632,11,6,8,42,-1.1843368,0.21285981,5,0.8837255028090076,-1.5517480284565532,4
56,73448.0,725,7,9,4,10,-3.8593063,-2.2270966,3,1.6174597624947842,-1.347860991427471,0
61,41551.0,279,5,5,8,51,0.7665907,0.9747782,2,-0.8590350615313221,-0.49224471789659924,5
58,62981.0,1482,4,13,3,21,-4.0419893,-2.70068,3,2.361602400668928,-0.6258935297265492,0
49,9548.0,29,1,3,8,31,2.445099,0.65079755,2,-2.774401440072301,-0.5494817377144129,5
66,33762.0,106,2,2,8,61,1.483426,0.2228687,2,-1.930641625178896,0.23228360015557534,3
52,35860.0,49,1,2,5,37,1.7041806,0.53868705,2,-1.7847163072384156,0.1709493763166129,3
60,36921.0,38,2,3,7,74,1.5696404,0.08562922,2,-1.6896295122887826,0.7742971368828044,3
33,92859.0,2077,5,12,2,46,-5.313422,-7.845574,1,3.3895960179206304,0.354675091704467,2
49,65104.0,1053,3,7,7,4,-2.623594,-1.8691132,3,0.3485393786532152,-1.3752291443539593,4
63,86111.0,1385,5,10,2,73,0.097431734,-1.9473416,0,2.760279517323024,1.0476270281679807,2
51,68352.0,871,8,9,6,47,-2.545542,-0.2791511,5,1.3921249198292758,-0.6869349143907644,0
37,41883.0,312,4,3,7,13,1.7835376,0.7916678,2,-1.3988558998532943,-1.1713069669197276,5
49,59809.0,877,3,6,8,36,0.5691499,0.3966522,2,-0.20518675653792903,-0.5744017593447083,4
50,23957.0,68,2,3,6,47,1.9259938,0.4780054,2,-1.9525165240204319,0.12435131446064938,5
44,38547.0,22,1,2,8,49,2.2406502,0.531896,2,-2.2967991761798747,0.13048577361560998,5
52,35688.0,211,4,4,8,94,1.4922892,0.04466034,2,-1.4225800318340933,0.9492754141731171,3
59,49605.0,127,2,4,3,65,0.984239,-1.1739378,0,-0.582656744452924,1.1190585277075316,1
72,59354.0,459,4,7,3,59,0.50279737,-0.84323,0,0.7660315069424257,0.5732321576770655,1
56,65747.0,460,8,6,6,96,0.46487734,-0.07803339,0,0.6437867707835462,0.7982862768950214,1
53,46344.0,429,7,5,7,28,0.6487395,0.42796847,2,-0.32140828903523994,-1.2413199023356478,4
37,34176.0,89,3,4,6,12,1.9994226,0.80437267,2,-1.599469175626769,-0.9690170894294057,5
73,61010.0,1021,8,11,5,57,0.09797984,-0.54560304,0,2.059787903023353,-0.4213059098419586,0
76,69372.0,1381,10,6,4,10,-1.8495204,-0.89334106,5,2.275549144896594,-1.7911180107791513,0
67,49967.0,306,6,5,7,4,0.56401926,0.6376638,2,-0.29834611523329846,-1.8578583019599755,4
47,60199.0,18,0,3,4,49,1.5748724,0.47242418,2,-1.130938081378976,0.8907293954427722,3
48,55375.0,162,1,6,2,3,1.2105935,0.49272582,2,-0.2693148325842742,-0.39988960399782286,4
70,80317.0,1231,3,10,1,64,0.17985865,-1.6721313,0,2.4767351844576337,1.1500033648447712,2
67,30523.0,13,1,2,7,0,1.5678658,1.4408892,2,-2.06797635423476,-1.292523082250089,5
80,70356.0,1706,10,9,6,20,-2.317756,-0.48106617,5,2.7432551315815723,-1.8805555601267496,0
41,23228.0,121,3,4,8,91,2.3344488,0.22209358,2,-2.058068638137163,1.0009302274565253,3
50,74165.0,1293,5,10,2,9,-5.524751,-4.0623894,1,2.2181310218654895,-0.8164462970476866,0
52,157243.0,1608,0,0,0,98,0.75961494,-6.031889,4,2.7303953274119555,3.297542861715836,2
59,43482.0,88,2,4,6,83,1.3328899,0.0062838974,2,-1.2093185018877066,1.1877739281500999,3
72,62551.0,421,6,4,3,27,0.5144427,-0.64158314,0,0.6299429421603956,-0.5518233360676869,4
66,52332.0,259,3,6,4,63,0.837145,-0.56904656,0,-0.061466924646660086,0.7076979548511366,1
37,66951.0,1117,3,7,1,46,-2.739167,-5.775618,1,1.2207068735211202,0.7930171317467845,2
68,26091.0,89,2,3,5,84,1.2277215,-0.16101213,2,-1.4940244222122905,1.284954520817956,3
60,33456.0,36,1,3,7,58,1.713685,0.30307934,2,-1.9065943784746349,0.42730078305436037,3
43,28718.0,57,2,3,8,78,2.3253636,0.3185335,2,-2.2315210301611708,0.7907207447497675,3
55,50447.0,148,3,3,6,4,1.4237456,0.65449905,2,-1.0860501452529385,-1.2006473197549055,5
66,53537.0,93,2,3,5,17,1.0456235,0.62126976,2,-0.8924996607319593,-0.5742387302056964,5
58,52074.0,119,2,2,4,77,1.1271393,-1.1360657,0,-0.9758905598095556,1.3875865158385505,3
50,80427.0,1835,11,8,5,56,-2.8909104,-0.23359251,5,2.860189924668556,-0.6212532775362516,0
77,83837.0,1318,9,5,4,79,0.14728428,-0.6100221,0,2.328903552853524,0.44326301944242275,2
55,38853.0,45,2,3,7,90,1.6289787,-0.02272521,2,-1.6959294915022678,1.2730391037279232,3
66,38285.0,10,0,3,2,96,1.1679947,-1.7423933,0,-1.0942335179024865,2.39989509491091,3
74,78497.0,978,5,12,2,44,0.21302542,-1.210852,0,2.656877989344148,0.07602091901680455,2
49,51650.0,191,4,4,5,81,1.1924711,-0.8328393,0,-0.6493402576713602,1.0768795106966618,1
37,16248.0,57,2,3,6,77,2.479063,0.40948403,2,-2.296512311454406,1.0347394647526438,3
79,66835.0,1033,6,13,2,21,-0.71663463,-1.395852,0,2.753692627421866,-0.8238932827284069,0
41,30477.0,66,1,3,6,16,2.1352477,0.8121212,2,-2.0527779683013176,-0.5872881722759573,5
64,28249.0,43,2,3,6,80,1.3840287,-0.07155605,2,-1.685096644400968,1.0474390611906772,3
42,25271.0,50,1,2,9,45,2.575047,0.609225,2,-2.7645796195058145,-0.1725511182871804,5
55,32303.0,39,1,4,5,63,1.6402847,0.3006112,2,-1.546238350792777,0.8596167181191203,3
59,61286.0,608,7,8,5,34,-1.6345507,-0.7671693,5,0.9860791193434196,-0.8206853248926911,4
49,74068.0,1581,4,9,2,14,-5.4234915,-4.426028,1,2.172932382671232,-0.5092030833699092,0
61,45759.0,68,2,3,7,13,1.4029466,1.0041416,2,-1.4646481507922993,-0.9895804036546338,5
47,24882.0,80,1,2,6,52,2.1252055,0.5079221,2,-2.2273362088543025,0.44729918704320376,3
36,66973.0,1282,8,12,3,98,0.29288828,-3.4475834,4,2.4106620177106755,1.2318343611785099,2
37,38872.0,91,3,3,8,93,2.2773554,0.22424595,2,-1.9064928986429803,1.1586300967521053,3
52,51148.0,315,5,6,6,38,0.82707703,0.3893061,2,-0.2747602777353442,-0.5323055874898379,4
48,31353.0,31,1,2,8,24,2.1798,0.6825131,2,-2.4166434509294223,-0.6473382823837673,5
45,69661.0,834,7,12,3,80,0.26791832,-2.0436246,0,2.0817563250628006,0.8138798120579673,2
71,80067.0,1600,4,6,2,82,0.18344316,-1.7176738,0,2.20323596426228,1.4851526137761688,2
71,86718.0,1270,5,5,2,20,-1.9943838,-2.4339826,3,2.052221145375615,-0.4183585922200925,0
52,46854.0,263,5,3,8,81,1.36458,0.11268291,2,-1.1347277827806799,0.49644130454474145,3
73,69142.0,535,8,7,5,50,0.27295923,-0.4393562,0,1.2783611468464016,-0.4942342867740857,0
57,75922.0,1295,4,9,1,60,0.3229768,-2.8019135,4,2.2478755908582455,0.9622662779484176,2
47,63693.0,1150,11,9,6,63,-2.6244195,0.283474,5,1.8538434563536759,-0.6255516198713477,0
48,102160.0,1240,7,10,4,54,-2.8116121,-1.9722359,3,2.775458447815914,0.05289216164230413,2
60,40637.0,38,1,3,7,72,1.6167861,0.13561106,2,-1.7313059501587003,0.8643376716677132,3
41,18890.0,35,0,2,6,5,2.4150794,0.93757045,2,-2.625189752757957,-0.792139155198518,5
37,29604.0,53,1,3,9,88,2.6957731,0.33242196,2,-2.566668949540982,1.103321150825657,3
62,48721.0,293,4,5,6,50,0.88886607,0.40932903,2,-0.49072564812717406,-0.07284358554239789,1
59,44794.0,65,2,3,6,99,1.3789939,-0.2917087,2,-1.3341585188670122,1.6869757939413752,3
71,64497.0,1804,11,9,8,17,-3.4589918,-0.13980179,5,2.39654783954146,-2.3787049557753166,0
69,46097.0,241,3,6,4,11,0.910126,0.5267169,2,-0.20270076503581277,-0.8547215951249315,4
71,77972.0,1101,4,9,1,18,-1.7666259,-2.3380225,5,2.297570952307657,-0.3229842792843237,0
57,44377.0,264,5,5,8,70,0.98462665,0.09303166,2,-0.8489337235745722,0.09366754746370096,1
51,46014.0,541,7,8,7,21,-0.35670266,0.23729736,0,0.16209296489346506,-1.5137019605358732,4
40,70951.0,1198,3,9,1,66,-0.018424869,-4.88903,4,1.7103242028941648,1.3318043240158843,2
48,41443.0,482,8,5,8,79,0.69323885,0.020023674,0,-0.4623679924476861,-0.02150483951717722,1
47,52195.0,17,1,2,8,2,2.0059485,0.963903,2,-1.9577892414809674,-1.213320146502793,5
77,83790.0,1615,8,6,3,81,0.041482627,-1.0653778,0,2.7400406416914445,0.7553439817069972,2
71,44551.0,285,4,5,7,24,0.75058293,0.8795717,2,-0.6430403267094827,-1.0369570217615534,4
45,69508.0,1135,11,11,6,48,-4.150609,0.04455567,5,2.2320943310445984,-1.0847367738344098,0
37,45204.0,114,1,4,3,93,1.6816094,-2.343734,0,-1.0927986560403213,2.157693373562706,3
56,72460.0,1047,3,7,1,56,0.5185385,-2.6713169,4,1.534717223485768,1.0236612262426736,2
55,77622.0,714,6,11,3,3,-4.8005657,-2.9642904,3,1.9993331206601352,-1.3011864557422022,0
45,30732.0,185,4,4,8,44,1.8683491,0.49903026,2,-1.665470368527169,-0.5056322807525387,5
63,63887.0,1245,9,12,6,38,-2.9554098,-0.36820757,5,2.299136358952541,-1.2330469991587663,0
47,42011.0,189,3,4,8,46,1.7544152,0.47189444,2,-1.4993966332420283,-0.2796328683939886,5
49,51369.0,576,8,4,8,84,0.5258609,0.0031585942,0,-0.27876418149815974,0.18012250030461452,1
73,51537.0,1103,2,11,8,27,-1.0497986,-0.64759284,5,0.6678173938917663,-0.963600636090779,4
53,79930.0,1753,3,8,2,72,0.35212812,-3.7590978,4,2.2525005126920896,1.3551206825814068,2
39,34320.0,17,1,2,8,66,2.4814773,0.4683041,2,-2.4576101666475445,0.6364409637521103,3
59,37070.0,433,5,8,7,30,0.5989943,0.54158515,2,-0.2909955038382629,-1.0451740594536683,4
63,81975.0,1588,6,4,7,2,-3.5432348,-2.2711475,3,1.3231495136007805,-1.7735690731336307,0
54,38590.0,22,1,2,8,65,1.9719985,0.31257737,2,-2.164648775948149,0.5563737311214481,3
74,15033.0,19,1,3,3,37,0.93663013,1.0901786,2,-1.5766022020722639,0.2666609423416436,3
60,62745.0,1117,7,11,5,89,0.19471307,-0.50266373,0,1.898809501649974,0.7160628148674156,2
50,22212.0,69,2,4,6,49,1.9192351,0.46052188,2,-1.85006551385689,0.1523602855891638,3
43,23661.0,23,1,3,7,46,2.3438733,0.5805515,2,-2.365673812778521,0.1145688459362327,5
67,79761.0,605,5,11,3,32,-0.9893762,-1.3087792,5,1.9916169877291172,-0.3582365255527108,0
52,7500.0,57,3,3,7,54,2.1394756,0.4055385,2,-2.3449981149450263,-0.019703690369719643,5
57,73455.0,2088,6,10,3,98,0.07352315,-2.9386985,4,2.9537470670151365,1.4728427871242227,2
67,64961.0,1009,6,4,3,97,0.3715111,-1.308029,0,1.1339547930818632,1.5274965224205272,2
54,22804.0,26,2,2,9,75,2.178154,0.2412165,2,-2.553080613231813,0.5114738112007274,3
35,73687.0,1627,3,9,2,8,-7.249655,-6.913635,1,1.8954983114491397,-0.4902779117694396,0
67,61074.0,1102,11,8,7,37,-1.8129475,-0.03272163,5,1.701265324813765,-1.6076727698386684,0
61,31686.0,17,1,3,6,31,1.3969063,1.1881627,2,-1.8083025458482878,-0.23004233753263778,5
53,80134.0,1690,5,6,6,40,-2.9793937,-2.5063872,3,1.5588752400671766,-0.38900114997104707,0
72,75027.0,1390,9,6,5,74,0.11973266,-0.45088607,0,2.106568122333771,0.11534643290792017,2
37,67546.0,2126,4,5,3,90,0.57311964,-5.61518,4,1.6249845971260943,1.696836336318536,2
56,65176.0,1531,9,6,6,57,-1.3675344,-0.08251207,5,1.6324734817563191,-0.49662217910128625,0
50,31160.0,64,2,3,8,59,2.0473788,0.38060206,2,-2.0865613294582146,0.21074488801393337,3
40,29938.0,26,1,3,6,52,2.2482567,0.557703,2,-2.0991299334768234,0.472677172346805,3
51,102692.0,1112,6,13,2,5,-6.593825,-4.018621,1,3.305180792540712,-1.0414623701835528,0
67,26490.0,210,3,5,6,92,1.1215278,-0.097183675,2,-1.1340097249108498,1.1941736069910138,3
58,75702.0,1148,4,11,8,77,0.14535268,-0.36745828,0,1.358522537598317,0.386909631620004,2
51,30899.0,33,1,3,6,35,1.8766377,0.56421256,2,-1.9380298308199428,-0.07155971454739943,5
64,63342.0,1101,8,5,6,48,-0.45665774,-0.41841096,0,1.0604917285761093,-0.6380913094965318,0
61,45989.0,322,3,7,3,97,0.8518747,-1.2548608,0,0.08403381050926352,1.8260142325332456,1
61,18701.0,44,2,4,5,95,1.3707817,-0.41272515,2,-1.6475236057862472,1.5881755942236042,3
68,40737.0,17,1,2,8,24,1.3315893,1.4394037,2,-1.9558587608724607,-0.7013499530078959,5
46,15287.0,31,1,2,7,60,2.432502,0.46989673,2,-2.655671834245606,0.506416027597241,3
57,69674.0,845,10,10,5,46,-2.4263866,-0.15147172,5,2.0278422896501094,-0.8866438796309163,0
55,44159.0,275,4,6,5,85,1.0139973,-0.51896644,0,-0.3952080959580749,1.0910304359610599,1
47,37717.0,25,1,2,9,31,2.2207732,0.6359187,2,-2.434226332822307,-0.560329354233111,5
73,43776.0,275,5,4,8,9,0.7352848,1.0683241,2,-0.8150863253463758,-1.7458573812161804,4
59,38179.0,90,3,3,7,30,1.3319105,1.0143512,2,-1.5158179380270693,-0.6446091309805753,5
62,80124.0,1495,3,8,1,47,-0.4450231,-2.8238049,4,2.300429991096443,0.7311217629453158,2
55,38097.0,184,3,2,7,70,1.6104436,0.23716085,2,-1.6188886731849528,0.5705186866854868,3
55,72940.0,981,3,6,1,13,-3.9621964,-4.039863,3,1.322411907052102,-0.20762539611242123,0
55,22070.0,67,2,2,6,11,1.7332609,1.1519905,2,-2.0888830312654836,-0.9371557622886936,5
72,69267.0,1635,3,5,7,31,-0.82400835,-0.9998694,5,0.9426630978382194,-0.6266855071640975,4
42,31788.0,60,3,4,5,15,1.7923113,0.7448113,2,-1.4636577077824127,-0.7652352799257819,5
50,61905.0,231,4,4,5,2,1.0914527,0.5932421,2,-0.38875331382079636,-1.210509167957112,4
65,29315.0,48,2,4,6,55,1.3868995,0.24696133,2,-1.5096365418791577,0.28838264288310556,3
62,33378.0,99,2,4,7,38,1.2718396,1.1796178,2,-1.5673420413101762,-0.32947909842029394,5
62,66313.0,770,6,12,4,86,0.24538562,-0.69605947,0,1.8853038001121052,0.8930508692555503,2
69,60714.0,957,7,10,5,56,0.1689722,-0.56485057,0,1.6787340815541836,-0.27366511457429843,0
44,77882.0,818,3,5,1,29,-3.6941814,-5.0893517,1,1.028696130512366,0.3548049726472838,1
39,69867.0,925,3,8,1,30,-4.0159645,-5.617314,1,1.292178209273181,0.3027895552560155,2
57,63841.0,908,9,9,6,64,-0.59868836,-0.194605,0,1.5262169436146968,-0.3662840426842481,0
44,24480.0,102,3,4,7,46,2.0595715,0.5203382,2,-1.8695290619964524,-0.18281343204331585,5
49,51369.0,576,8,4,8,84,0.5258609,0.0031585942,0,-0.27876418149815974,0.18012250030461452,1
79,37760.0,317,4,6,7,20,0.70163333,1.0457762,2,-0.5350160459475642,-1.2389942945583141,4
51,65640.0,461,5,8,2,74,0.5634178,-2.1072123,0,1.0789876372462306,1.1152577082083006,2
50,44319.0,37,2,3,5,18,1.4922231,0.6461763,2,-1.3566820786780058,-0.5070805437761463,5
51,30631.0,70,3,2,7,75,1.8980975,0.23618987,2,-1.937580869835369,0.709258265956005,3
73,75278.0,930,6,13,3,17,-2.3424466,-1.3735147,5,2.638144262511717,-1.02919211566834,0
69,50898.0,859,6,12,5,88,0.14712459,-0.5911514,0,1.5329189278483568,0.7180826492882436,2
59,79946.0,1478,5,5,3,19,-3.4693558,-3.5337822,3,1.7617033367075745,-0.5677881315392699,0
76,35416.0,390,7,5,8,62,0.45602643,0.7746529,2,-0.4622371761272686,-0.5294787238618688,4
41,32414.0,52,1,3,7,11,2.2208896,0.8467613,2,-2.172572799160827,-0.8729624283040828,5
56,38361.0,137,3,3,7,74,1.5569562,0.15416807,2,-1.495662632093073,0.6606712782259797,3
45,82497.0,1919,2,9,4,32,-4.7149777,-5.359886,1,2.0456933851764676,0.042107316436934786,0
54,16626.0,68,3,3,9,76,2.0841303,0.2195347,2,-2.392879997883983,0.3582860504875994,3
60,29672.0,25,0,3,6,6,1.6788168,1.2550278,2,-1.9984346940288271,-0.8317585595209759,5
73,55951.0,1374,3,11,8,62,0.1522379,-0.56945246,0,1.1361702319540516,-0.05839649502987228,1
37,35388.0,32,1,3,7,20,2.3337555,0.81849056,2,-2.166469543195724,-0.5800807649380807,5
39,42386.0,100,3,3,8,43,2.079558,0.56727,2,-1.8079079034503611,-0.3056910093770392,5
43,68627.0,825,2,6,1,45,-1.1571707,-4.3753743,4,0.8230767497129269,0.9063657955259197,1
60,57912.0,916,8,12,5,34,-2.6257598,-0.5044378,5,1.8707616093228387,-1.073740962226807,0
67,35246.0,62,3,3,5,53,1.0828649,0.20499949,2,-1.1954744727614592,0.27725087168308377,3
69,58821.0,728,9,9,6,44,-0.997689,-0.5044531,5,1.4033498032347518,-1.0224952007590469,0
47,46377.0,90,2,3,4,89,1.4224776,-1.5502063,0,-1.1262931468564301,1.7437379015665735,3
37,39747.0,273,5,4,8,43,1.7520082,0.52426076,2,-1.3530364275704867,-0.6034546594568267,5
41,23976.0,66,3,3,7,68,2.2450967,0.39490268,2,-2.083593027103679,0.4993613862482956,3
64,80950.0,1213,6,9,2,44,-0.3832812,-2.0072355,0,2.48576605498073,0.06409566917992007,2
59,27038.0,107,3,3,9,64,1.7127769,0.24965167,2,-2.056727485295821,0.021131621193826076,5
78,77457.0,1157,2,10,1,85,0.22451258,-1.7874109,0,2.3273892798592657,1.8571853601628054,2
61,64100.0,546,8,6,7,93,0.35292646,-0.049900446,0,0.5860247759873461,0.5351772023835196,1
33,42670.0,241,4,4,4,12,1.7292454,0.73436254,2,-0.8914393143634565,-0.7656617629485984,5
49,12571.0,53,3,3,6,86,2.0414565,0.061626244,2,-2.103939104291859,1.097543847820361,3
58,22574.0,37,2,3,7,28,1.5936104,1.349769,2,-2.0685415044349007,-0.6194670934174272,5
49,70893.0,1508,6,10,3,42,-3.5961635,-3.057822,3,2.2939273868699726,-0.13876012439116914,0
59,54198.0,235,3,6,4,13,0.95627844,0.56858087,2,-0.1421922972270721,-0.7225456254782404,4
69,28839.0,32,2,3,5,86,1.219179,-0.1745613,2,-1.4633134314700798,1.3498765341030754,3
53,40321.0,102,3,3,7,59,1.6204553,0.3120044,2,-1.5212739420203305,0.24095277430658474,3
40,66503.0,401,4,6,3,30,-0.9384577,-2.7822201,4,0.3319752590130589,-0.08633492165100679,1
74,30833.0,28,1,3,5,33,0.9823477,1.2441366,2,-1.5029573297766876,-0.08578375176102174,5
54,64795.0,680,3,12,2,23,-3.527927,-2.9622946,3,1.5722920191993532,-0.2279581945927035,0
51,34421.0,30,1,2,7,81,2.0210836,0.19178014,2,-2.136399807723963,1.1702465604006183,3
60,47025.0,20,1,2,7,6,1.582243,1.0953085,2,-1.7599703932992063,-1.0258664357525749,5
64,64325.0,1307,10,5,7,41,-1.2629591,0.015989415,5,1.356604952468315,-1.2591238453089053,0
72,40464.0,630,8,8,8,78,0.21947147,-0.029242065,0,0.36473690653839524,-0.23504938457364222,1
68,62187.0,1283,4,5,3,49,0.30596834,-1.0806664,0,1.1772180267914183,0.3467326699641685,1
49,14849.0,65,2,4,8,39,2.2109103,0.56471115,2,-2.3467502141957888,-0.4555233992962628,5
41,27255.0,37,1,3,7,3,2.2767456,0.9050161,2,-2.3090459832482635,-1.1263573500674382,5
75,54432.0,38,1,3,4,37,1.086241,0.3612888,2,-0.7734138028554469,0.2585766936952658,1
39,29999.0,160,3,4,8,22,2.141393,0.7356732,2,-1.914679235280864,-0.9922108264453829,5
42,24072.0,23,1,2,8,79,2.5614285,0.36138213,2,-2.651678277270276,0.9677777947027038,3
36,33996.0,71,1,3,4,46,2.0725288,0.64047664,2,-1.7145025941809287,0.6203610941664262,3
69,66334.0,1161,9,5,5,82,0.1771335,-0.32214564,0,1.5353651267800998,0.35904633013641163,2
54,35178.0,59,1,2,7,10,1.7934769,1.1568115,2,-2.080559304118586,-0.9252999391971404,5
42,22010.0,33,2,3,8,51,2.4177139,0.5332576,2,-2.4308172160464183,-0.02165457018063405,5
65,62204.0,946,4,12,3,38,-0.8185798,-1.3512851,5,1.8512747370176588,-0.12980021425387003,0
57,75693.0,1442,11,6,4,10,-4.375413,-1.7794093,3,2.3642051481416226,-1.8205418914277638,0
53,30675.0,62,1,3,8,14,1.883475,1.3411251,2,-2.2053619351641363,-0.990197029903848,5
60,83003.0,1674,7,8,3,18,-3.9221568,-2.892914,3,2.69106080497731,-0.9365666027678055,0
37,68655.0,1538,4,11,3,95,0.46666455,-4.752334,4,2.0179956622480404,1.7081271044083874,2
39,41411.0,139,2,4,6,11,1.9246905,0.80887514,2,-1.4914608226150476,-0.8462713689905551,5
56,55212.0,1182,4,11,8,65,-1.1490524,-0.42955026,5,0.8754126077466438,-0.031167936921613865,1
75,59292.0,507,3,8,3,71,0.48051572,-0.974284,0,0.8596327843547001,1.0225099610941613,1
52,27190.0,18,1,2,8,13,1.9887729,1.4312046,2,-2.478711429991695,-1.0028656903888526,5
73,82623.0,940,2,4,1,58,0.45526695,-1.5666406,0,1.3452893120535736,1.2539756507476667,2
60,44300.0,42,1,3,6,65,1.4841028,0.18620013,2,-1.492041433518514,0.8180439029279765,3
55,84835.0,1190,4,6,1,0,-5.0381365,-4.7560234,1,1.899412454788143,-0.6840272728938709,0
54,30372.0,44,2,3,7,33,1.8032432,0.5241832,2,-1.9279205966058526,-0.42689045533837017,5
49,33181.0,16,1,2,6,90,1.9785103,-0.10784188,2,-2.0472103269656317,1.5850298609863172,3
68,71113.0,835,6,9,4,95,0.30228776,-0.72392094,0,1.7045022561078,1.2206594792557826,2
39,71952.0,1443,8,8,4,93,0.35221314,-3.265554,4,1.977018936433064,1.0394820357277081,2
59,69759.0,1029,4,5,3,38,-1.8721015,-2.1823123,5,1.028190572099877,0.09374559215047826,1
51,72099.0,1188,3,10,1,18,-4.6502523,-4.201103,1,1.9934050053585857,-0.14618316759199626,0
49,60000.0,1277,11,5,6,57,-1.9142501,0.23883347,5,1.3272087737301073,-0.7278146007807739,0
47,38643.0,49,2,3,7,45,1.9084377,0.49817896,2,-1.8132264111066696,-0.013822355975376342,5
70,50737.0,99,2,4,6,61,1.1502577,0.094620824,2,-0.8984907532522858,0.5194552942655392,3
56,68462.0,1670,3,8,1,6,-4.927557,-4.5937805,1,2.0817592283277464,-0.49052377229656086,0
82,65073.0,900,5,5,2,65,0.3139535,-1.0987632,0,1.3900266509407135,0.7804290818407358,2
77,46681.0,425,4,4,5,52,0.9941424,0.11672163,2,-0.22998194711010364,0.08129595697080017,1
68,78618.0,2153,4,10,2,87,0.018792212,-2.2542803,4,3.15896634378545,1.5359851300114131,2
56,62187.0,636,6,10,4,38,-1.9961555,-1.2238721,5,1.3017499240549948,-0.45450657228922126,0
47,28442.0,57,2,4,4,53,1.72573,0.44807833,2,-1.445606915648003,0.5977810290796102,3
47,37717.0,25,1,2,9,31,2.2207732,0.6359187,2,-2.434226332822307,-0.560329354233111,5
58,51479.0,494,6,6,7,67,0.5705403,0.05078886,0,-0.05727799930206236,0.010539628042780155,1
56,54803.0,693,6,9,4,65,0.32629797,-0.7073944,0,1.0422179250004375,0.3352873687232695,1
65,79530.0,1348,4,11,2,64,0.09858112,-1.6272256,0,2.6105321994136017,0.8620935914145307,2
49,31615.0,51,2,3,7,82,1.995163,0.18555158,2,-1.9394074634672926,1.03831746201593,3
63,72025.0,1932,4,8,3,27,-3.0953393,-3.0561526,3,2.301801831487494,-0.3222825192255375,0
50,52614.0,990,2,8,8,63,0.5098288,-0.42436248,0,-0.1037327630940288,0.2731711112484635,1
41,35684.0,30,1,3,6,66,2.15745,0.43821302,2,-1.9433691880291644,0.9000913781163401,3
50,48178.0,254,5,4,8,69,1.267552,0.19573534,2,-0.9981837247457961,0.13341155560185602,3
55,29548.0,29,1,2,4,52,1.6402735,0.40518296,2,-1.7549279991306443,0.7215890570933051,3
59,63810.0,1371,4,12,8,45,-2.404426,-0.60879713,5,1.4072545820267064,-0.6270976857460074,0
53,38578.0,73,3,3,8,2,1.7402494,1.0067099,2,-1.757442494374417,-1.5847099530655233,5
50,46098.0,120,3,2,8,86,1.7933986,0.08790358,2,-1.6932867069887565,0.9460106058198219,3
55,22585.0,81,1,2,9,23,1.9124764,1.634996,2,-2.645928011541567,-0.8858885491957723,5
36,30279.0,37,1,3,8,13,2.505436,0.88124955,2,-2.449560654832893,-0.9457908862327165,5
64,66426.0,1377,3,10,6,14,-2.947904,-2.1589727,3,1.4180657856454757,-1.0738033734160841,0
56,30822.0,51,1,3,7,92,1.7869947,-0.05294134,2,-1.9951080440024604,1.4335435276728876,3
56,33581.0,17,1,2,8,38,1.9314171,0.49487457,2,-2.270501875117686,-0.2632929315877466,5
40,19986.0,22,0,3,7,74,2.620428,0.44471297,2,-2.609791092268537,1.0719665194899903,3
71,27421.0,324,4,6,7,14,0.97656643,1.0525695,2,-0.8751175350583715,-1.4174112897246482,4
52,35688.0,211,4,4,8,94,1.4922892,0.04466034,2,-1.4225800318340933,0.9492754141731171,3
44,36143.0,19,0,2,3,33,1.8251489,0.6702655,2,-1.7290906819054184,0.5175093475083137,3
54,10245.0,41,1,2,5,32,2.0124989,0.5938822,2,-2.370525114532898,-0.07727810959179525,5
57,43795.0,492,7,4,7,11,0.72860813,0.48630196,2,-0.42659526805543185,-1.7436707672576515,4
65,63381.0,1005,4,13,2,78,0.18141185,-1.401903,0,2.2352967476140346,1.1699168642900195,2
76,38823.0,114,2,3,6,56,0.9203273,0.72121257,2,-1.2345920129549468,0.3273055697887806,3
57,83664.0,1173,2,12,5,57,-0.7253325,-1.9334403,0,1.8887477804618045,0.5169393875336011,2
46,90300.0,1738,5,8,1,7,-6.7174788,-5.3898487,1,2.7832845483955624,-0.6094912406716733,0
46,62499.0,222,3,6,4,0,1.1101937,0.6146362,2,-0.12552272176935672,-1.0167811292774438,4
32,74293.0,1127,5,6,2,66,-1.1549311,-5.694851,4,1.3082730042691189,1.0364713149267042,2
79,51012.0,209,4,4,6,86,0.86643875,-0.104726546,0,-0.4225046620222842,0.9429424660087776,1
57,70777.0,787,5,12,3,80,0.26772362,-1.2959653,0,1.963175680848475,1.0362187741363673,2
34,68682.0,1598,4,10,2,56,-2.6945813,-6.283056,1,2.027636080411814,0.7460400756318903,2
54,43824.0,186,3,4,8,18,1.4771726,0.9322093,2,-1.3805219730854816,-1.1260308640712464,5
41,15345.0,47,1,2,8,51,2.6586168,0.5907749,2,-2.8590713433812542,0.11817846517534435,5
38,23442.0,27,1,3,7,71,2.536091,0.4546004,2,-2.42206009849123,0.8698231672238785,3
45,14515.0,96,2,3,7,71,2.3415709,0.37971696,2,-2.358474405718182,0.6705558866482616,3
69,31395.0,64,2,3,6,80,1.2190874,-0.07349876,2,-1.5307937117918682,1.036547718286367,3
60,75276.0,1040,9,9,5,2,-4.328843,-1.6708262,3,2.0736818398074925,-2.0140855309692327,0
51,42373.0,163,2,5,5,83,1.4655035,-0.47634003,2,-0.979832432046054,1.3397901633855738,3
65,30507.0,343,5,4,7,29,1.0004433,0.90092963,2,-1.0128285562378772,-1.0261268517061928,5
70,55521.0,446,6,6,7,11,0.3250822,0.5086382,0,0.13032732400088193,-1.6714518367109683,4
60,48006.0,41,1,3,6,55,1.4016707,0.3099627,2,-1.4090146104053942,0.5378426103571731,3
53,27213.0,70,2,4,8,19,1.7728698,1.2965108,2,-2.0080721391165475,-1.0157132520421652,5
54,65808.0,272,5,5,6,1,0.78579736,0.4859833,2,-0.09465146315849542,-1.5495895434140667,4
51,30351.0,46,3,2,9,19,1.8368005,1.3623968,2,-2.286961605758711,-1.2278394114396871,5
62,50437.0,490,7,8,7,28,-0.3608853,0.10426369,0,0.36464520866309946,-1.3400419983041554,4
43,23616.0,79,3,3,8,76,2.2992673,0.31231633,2,-2.205576454046021,0.5779604648038625,3
49,53858.0,915,4,6,4,50,-0.6162497,-2.2849836,4,0.4278045621335943,0.2635140346765159,1
70,66465.0,1485,11,12,6,1,-4.470764,-0.6995612,3,2.8910678940079078,-2.61438551385496,0
38,46923.0,369,5,7,7,90,1.225758,0.11032855,2,-0.49829465645386145,0.8698945569731344,1
63,75072.0,1073,5,8,3,83,0.24278423,-1.4768208,0,1.8094485018096609,1.207658240390367,2
82,75865.0,1242,3,10,1,73,0.14931834,-1.6391273,0,2.5350540262295924,1.345147653484611,2
50,19789.0,78,2,3,5,24,1.8403752,0.64985025,2,-1.8978784391963692,-0.42014890119376025,5
31,80134.0,1378,2,11,5,11,-7.578285,-5.2978287,1,1.4909765210222974,-0.7099156992739486,0
44,91065.0,1474,7,9,3,33,-5.277134,-3.781222,1,2.6609118401246685,-0.4185259931252617,0
54,49505.0,751,10,8,8,4,-1.95615,0.35014445,5,0.6833629878259528,-2.5678667367787145,4
52,37401.0,48,2,3,7,14,1.72613,1.0253363,2,-1.7907353501487993,-0.9505728233493028,5
42,30096.0,45,2,3,6,30,2.0544758,0.66969985,2,-1.9334334970761393,-0.3170749359307827,5
43,18492.0,10,1,2,8,75,2.6120582,0.3864924,2,-2.7824853456449627,0.8258792335447109,3
51,82584.0,1435,3,8,1,26,-4.3635597,-4.892706,1,2.163245229002059,0.1725803274051506,2
84,93027.0,2119,7,5,2,77,-0.05067101,-1.5794474,0,3.3430222644581877,0.9403851590375487,2
72,48686.0,20,1,2,8,8,1.257315,1.3586959,2,-1.7213771242569473,-1.160043929524503,5
39,92910.0,1795,6,13,1,42,-4.8969836,-6.724524,1,3.654018428160111,0.20055912640543097,2
36,75433.0,1188,2,10,6,28,-5.170099,-5.183458,1,0.9975210637430336,-0.36924588083270127,0
36,10404.0,43,1,4,5,52,2.5055633,0.62643456,2,-2.3008525436087455,0.5410621289794928,3
57,61314.0,1008,5,12,3,1,-4.5379214,-2.8685496,3,1.8971099302587824,-1.3202122109981904,0
64,84865.0,1688,2,9,4,1,-4.279486,-3.4980564,3,2.1388088994354546,-0.9406110341965297,0
36,42387.0,684,8,7,8,42,-0.6982099,0.0874248,0,-0.1522055009703476,-1.1027342738952635,4
58,67309.0,1082,9,9,7,76,0.073598236,-0.11552571,0,1.616352568248563,-0.15383870815360906,0
61,75236.0,1068,8,13,4,27,-3.6302226,-0.9728009,3,2.708568612237206,-1.1011070449354992,0
55,30015.0,57,1,4,5,28,1.6110733,0.57039434,2,-1.5968602169168964,-0.1765553602467063,5
69,50943.0,46,1,3,5,49,1.1071637,0.27214313,2,-1.0724552078598155,0.4786129666115992,3
59,67272.0,733,6,12,5,12,-3.5032957,-1.6951805,3,1.662667762126181,-1.4086824036530599,0
76,51529.0,467,9,5,8,14,-0.046615183,0.7751712,0,0.22146549872109292,-2.1520915890097907,4
54,32011.0,122,2,4,7,89,1.6821499,0.024528824,2,-1.6640605524010341,1.1980433550995018,3
39,7500.0,36,2,3,8,96,2.79322,0.26475042,2,-2.79243240255613,1.2603303027648802,3
36,28691.0,34,1,3,8,56,2.5918515,0.57720166,2,-2.4750425314401228,0.3110805219756363,3
77,56223.0,156,2,5,4,72,0.850276,-0.5716592,0,-0.18426634593884414,1.0984666254728555,1
79,18100.0,14,0,3,5,14,1.1743768,1.58715,2,-1.8860216450158767,-0.5763002950863972,5
36,30279.0,37,1,3,8,13,2.505436,0.88124955,2,-2.449560654832893,-0.9457908862327165,5
51,20130.0,34,1,3,8,99,2.218314,-0.005963586,2,-2.473411916365934,1.476584400882551,3
66,23295.0,20,1,2,8,72,1.8054128,0.17236222,2,-2.3728769584916103,0.65370528326068,3
53,42618.0,192,5,4,8,92,1.2522361,0.019388035,2,-1.1349103030072518,0.776123903468393,3
61,81246.0,1379,4,7,1,87,0.36235586,-2.6266499,4,2.217999387726365,1.804498265042207,2
49,24027.0,48,2,3,8,7,2.031517,1.3021944,2,-2.297585086987685,-1.3373210199839924,5
72,55707.0,428,3,9,3,91,0.5839129,-1.0287856,0,0.8208327381342894,1.5865289908136768,1
70,57959.0,868,4,11,3,71,0.20656398,-1.0869912,0,1.618728597310145,0.8270562391944833,2
56,56796.0,1001,8,7,7,24,-2.2739136,-0.5648452,5,0.8469467907068386,-1.5248804544376158,4
54,36230.0,59,2,4,5,17,1.4571755,0.7436672,2,-1.3367919299916033,-0.607985646649275,5
45,70829.0,431,4,8,3,87,0.72838634,-2.4873068,4,0.8245574503388121,1.531817686806248,1
49,65991.0,971,9,10,7,21,-3.8921328,-0.7652422,3,1.5038663639486092,-1.7569862515877444,0
53,38988.0,348,5,6,8,90,0.9212966,0.0061221384,2,-0.8078057046303456,0.653679169211387,3
59,89572.0,2059,7,9,4,44,-2.4888408,-2.2404175,3,3.150379739497722,-0.31984318686042806,0
41,42207.0,265,4,5,6,71,1.6166621,0.33013362,2,-0.9243215768980885,0.6130569186896655,3
73,50300.0,270,2,8,2,52,0.6570313,-0.94799966,0,0.44401139201557005,0.7249911678889219,1
43,66664.0,1289,5,6,3,78,0.551346,-3.6936977,4,1.2531752143805852,1.1648318911711033,2
61,60597.0,893,2,8,7,2,-0.57687306,-0.58727974,0,0.273886480897134,-1.3903635303982553,4
76,70165.0,926,3,11,1,60,0.22480613,-1.4902416,0,2.201510895700384,0.9485153915902891,2
67,50520.0,135,3,3,6,25,0.9700649,0.7653013,2,-0.9371279143266951,-0.6365016068774505,5
62,80124.0,1495,3,8,1,47,-0.4450231,-2.8238049,4,2.300429991096443,0.7311217629453158,2
50,33183.0,120,4,3,7,46,1.692788,0.42308152,2,-1.5879571966049875,-0.28889564706962295,5
56,66582.0,1288,2,9,1,83,0.51038915,-3.029467,4,1.7605531956082543,1.8789257884488517,2
70,75261.0,1743,5,5,2,17,-2.6457667,-3.0517707,3,2.1606873268274653,-0.5489716049333611,0
55,31880.0,15,1,2,8,13,1.8615208,1.4005307,2,-2.33311002870895,-0.999078776384922,5
74,53790.0,542,7,8,6,86,0.3019224,-0.1796658,0,0.8090229551528222,0.4676639559782632,1
54,49269.0,890,7,12,7,92,0.17622003,-0.151327,0,1.1571267879933813,0.4679922510554753,1
50,61456.0,1388,6,13,4,47,-3.3152144,-1.7225921,3,2.2607176927441084,-0.2483190720500274,0
45,37406.0,17,1,2,8,18,2.1765628,0.74471986,2,-2.3255609674047713,-0.7882264857095086,5
44,56937.0,906,8,9,6,81,0.32138252,-0.46133342,0,1.075830923122276,0.30051985207845056,1
47,38415.0,44,1,3,7,91,2.0316224,-0.014014348,2,-1.9358026212787331,1.4713989143378163,3
37,20518.0,25,1,2,5,58,2.4177883,0.565818,2,-2.3472308948180074,0.7984174438938862,3
69,62503.0,973,8,11,5,40,-1.3914565,-0.6802649,5,1.9991783870874593,-0.8968821780260444,0
53,41644.0,31,1,3,3,67,1.4574381,-0.64985377,0,-1.194704163467138,1.3362320818584053,3
48,55842.0,518,7,8,5,19,-2.367766,-1.0373399,5,0.6400943107631272,-1.2313080362392774,4
53,62010.0,530,6,7,5,93,0.51876116,-0.5352106,0,0.6123179520628428,1.1013659526993984,1
48,41124.0,506,7,4,8,41,0.833238,0.63135016,2,-0.7331480858918489,-0.979000681799542,4
52,38961.0,70,2,2,7,60,1.8073496,0.34751007,2,-1.862461799253764,0.4298779661903816,3
53,37760.0,54,2,3,6,54,1.6551304,0.3717018,2,-1.5992717782691777,0.36678016171667904,3
51,32233.0,296,6,2,9,26,1.377046,1.0746992,2,-1.648044345489765,-1.4243382951245234,5
50,43057.0,266,4,5,5,30,1.1605868,0.52883065,2,-0.6518692926859536,-0.48136291147399907,4
65,83151.0,747,5,4,3,93,0.41677326,-1.4433961,0,1.1900809873116571,1.6230346458164164,2
61,78825.0,895,5,13,3,35,-2.1246016,-1.7692761,5,2.419242857298392,-0.2992308777645158,0
49,65104.0,1053,3,7,7,4,-2.623594,-1.8691132,3,0.3485393786532152,-1.3752291443539593,4
51,60093.0,735,7,10,6,92,0.3598873,-0.23404485,0,1.113813047680986,0.7169876421919711,1
56,14045.0,20,1,3,7,24,1.8479578,1.458592,2,-2.4382219009799617,-0.6234533172358374,5
73,28457.0,205,4,4,8,96,0.97229326,-0.14636849,0,-1.3328448063737972,0.8893635145181279,3
67,78952.0,2092,2,12,6,11,-3.9076385,-2.4453177,3,2.4970680934770986,-1.051514589853422,0
49,46310.0,309,6,5,8,99,0.9183847,-0.01234493,2,-0.7287052781180906,0.851586580643644,1
70,76005.0,1722,3,13,6,72,0.07085113,-0.9274394,0,2.4499637025279584,0.5602806697135274,2
61,58308.0,900,2,3,8,77,0.9247619,-0.16015989,0,-0.6112849843504522,0.7793660927788778,1
81,55614.0,682,9,6,7,85,0.25859994,-0.06716954,0,0.8763168902845684,0.044545536053022,1
63,59432.0,663,5,11,5,88,0.30706966,-0.61051,0,1.2255076045369553,0.9373799234592843,2
47,55563.0,43,2,3,3,22,1.2694622,0.59873813,2,-0.8193505845011186,-0.043723527620246845,1
54,78642.0,1816,4,4,6,83,0.31323513,-2.516287,4,1.2425719708055243,1.0464156529586965,2
76,67911.0,976,6,11,3,63,0.16679391,-0.98539305,0,2.271978710049454,0.3298459352524351,2
81,65275.0,746,4,13,2,9,-1.5162731,-1.5449758,5,2.243645500856454,-0.9167443192615069,0
75,27203.0,64,1,2,8,92,1.3289741,-0.13687083,2,-2.1246045215942897,1.2149269699272485,3
64,48330.0,32,1,3,5,2,1.2974426,0.805513,2,-1.2241230056634358,-0.8886807879282085,5
35,24279.0,263,4,3,8,6,2.2194307,0.8932053,2,-2.0332188467837793,-1.5772022886121244,5
40,64355.0,1445,4,12,8,66,-2.4360366,-2.2935343,3,1.2493513174463937,0.07435445883743413,1
69,50943.0,46,1,3,5,49,1.1071637,0.27214313,2,-1.0724552078598155,0.4786129666115992,3
72,53653.0,1210,10,12,6,29,-2.452858,-0.44302934,5,2.2680184445105476,-1.7089156725637873,0
49,65665.0,945,5,8,3,77,0.4686814,-2.4563124,4,1.3040287725399633,1.0606154149690405,2
36,81217.0,1157,3,11,1,77,0.60923356,-5.313913,4,2.1552996394260386,1.6612627967709062,2
33,34935.0,137,2,4,7,71,2.3455107,0.4727173,2,-1.8530251898534755,0.7724666481131135,3
66,61250.0,730,5,12,5,49,-0.46819994,-0.8470099,0,1.4904742971156646,-0.23955931380614873,0
44,39665.0,216,4,3,7,97,1.7225376,0.021781823,2,-1.4144057042485272,1.2573727779428878,3
46,60152.0,943,6,12,3,6,-5.4036694,-3.4265244,3,1.8076910791314333,-1.2636985109811942,0
61,48920.0,347,6,5,7,93,0.7931564,-0.04603919,0,-0.3347798515832765,0.7775719933055271,1
66,89120.0,1924,5,7,1,78,0.10154645,-2.6572359,4,3.0428100569925,1.4050746766549886,2
79,44124.0,397,6,5,8,62,0.6614481,0.19664457,0,-0.34225930788956455,-0.3759492917962935,4
50,81169.0,2089,5,9,2,47,-2.6454184,-5.059081,3,2.9126355333465734,0.339851415600238,2
64,36443.0,138,3,3,8,9,1.3883172,1.1999873,2,-1.6131482957700265,-1.436123897728647,5
35,26095.0,42,1,3,7,77,2.5896597,0.44114488,2,-2.3829547195626515,1.068644471954754,3
66,71367.0,777,4,7,2,24,-1.813194,-1.8488715,5,1.3768955643292795,-0.24218517493516703,0
81,80184.0,1902,6,10,3,19,-1.1470467,-1.4361057,5,3.2335875660650717,-0.926043078694893,0
60,30630.0,52,2,3,7,67,1.6770816,0.2180892,2,-1.82839260534801,0.5458326669777782,3
38,73454.0,1651,2,6,5,95,0.65109384,-4.567336,4,0.9658914393605417,1.8202956638376344,2
34,42691.0,358,5,6,5,48,1.4746771,0.3142705,2,-0.5091175210023344,-0.04443024308496336,1
72,70503.0,1727,2,9,6,73,0.11660445,-1.0692265,0,1.6536588507321008,0.7937375629675627,2
38,25545.0,210,2,3,6,35,2.1718488,0.71066993,2,-1.9525492406330445,-0.17101440503991713,5
39,32880.0,42,1,3,8,76,2.473065,0.39698437,2,-2.3254403111655355,0.9001752229568701,3
67,77863.0,1291,4,10,2,20,-2.5269823,-2.5432582,3,2.3925673264037575,-0.4196488822980869,0
48,50353.0,442,4,6,3,72,0.9474704,-1.8001235,0,0.10060604828646132,1.0527156370851474,1
61,61839.0,1895,4,4,8,20,-2.511145,-2.1319456,3,0.675429183514929,-1.1880496629796429,4
65,49154.0,411,4,8,6,69,0.6463936,-0.20696883,0,0.08727760259371438,0.3988554845830738,1
50,47682.0,521,4,8,5,80,0.7461106,-1.1044539,0,0.11080789770423852,0.9273753905368761,1
56,72679.0,1168,4,5,1,65,0.53167903,-2.7535102,4,1.4874714677031096,1.2007765369353047,2
48,57954.0,493,8,6,7,52,-0.99874353,0.10939433,5,0.22031219909846272,-0.6330231883929076,4
63,65316.0,260,3,5,4,65,0.852512,-0.7221353,0,0.06576904306384979,0.851006644972236,1
43,28567.0,46,2,3,6,57,2.0932035,0.4683145,2,-1.9469811064546703,0.46575865409348677,3
74,47352.0,319,6,5,7,70,0.6993272,-0.01419105,0,-0.23900556397517875,0.03960051920610915,1
58,44931.0,96,2,3,5,0,1.414162,0.6784998,2,-1.1988132312354616,-1.0693245476206343,5
58,76982.0,1062,8,4,4,19,-2.874542,-2.4965382,3,1.4261662137028386,-1.096893058047372,0
73,57247.0,232,2,7,2,50,0.6912535,-0.9654137,0,0.4333205409342921,0.7162350959571704,1
44,22944.0,76,3,3,7,67,2.1651149,0.37406173,2,-2.0621907572932456,0.45292889500571115,3
48,25315.0,54,3,3,8,46,2.0601282,0.4790769,2,-2.1334252811492043,-0.31850713869000963,5
56,43638.0,201,4,4,7,37,1.1844298,0.75228035,2,-1.0604268499438614,-0.5670892809594277,5
41,42710.0,406,4,3,6,38,1.5628148,0.606224,2,-1.0907963014520026,-0.3069343384441641,5
43,84169.0,1919,7,6,3,9,-6.693565,-4.926745,1,2.420457899484026,-1.0757517822796074,0
49,54058.0,662,4,8,3,56,0.4959296,-1.9403403,0,0.661179599307794,0.5405939213123703,1
35,24683.0,41,2,4,5,98,2.2355757,-0.5158598,2,-1.8353234047900233,1.812516828573632,3
61,85620.0,1600,3,4,1,68,0.4448672,-3.041851,4,1.9430626941759337,1.4683708789618033,2
45,47850.0,134,3,4,6,72,1.6336496,0.28222716,2,-1.1198097282263388,0.8064366515019987,3
57,19514.0,69,3,2,8,47,1.8721163,0.40653175,2,-2.2859564178821965,-0.3255807306485045,5
52,27159.0,21,1,3,6,33,1.9035058,0.5721631,2,-2.0240490346080997,-0.14808650188592573,5
62,39548.0,54,1,3,3,87,1.1883547,-1.3278255,0,-1.1050812845799693,1.8759696201603684,3
36,21474.0,91,3,2,7,0,2.3660595,0.9491396,2,-2.3493868952533354,-1.4602028204679767,5
54,60504.0,526,6,8,6,73,0.3891221,-0.2822884,0,0.5693749993685092,0.33388442198868673,1
62,22419.0,162,3,2,8,74,1.6853731,0.16444658,2,-2.0686933192804533,0.45460769950339647,3
76,81698.0,1008,3,13,1,4,-2.5910218,-2.2568984,3,2.806067029566534,-0.7037715517275028,0
73,43462.0,240,4,5,8,50,0.6747875,1.0868379,2,-0.8241824979707816,-0.4318017766228017,5
47,54880.0,795,6,11,5,57,-1.7263992,-1.427001,5,1.1445070201814047,-0.05566655720987518,1
43,79908.0,1772,5,7,2,30,-4.7925525,-6.065747,1,2.242755563380991,-0.08058002507162523,0
55,15315.0,64,2,4,5,27,1.7340927,0.57485086,2,-1.8088237782684442,-0.3945126616777604,5
66,87771.0,1957,5,4,6,61,0.0816022,-1.3681545,0,1.8461404403219348,0.24365002129585825,2
47,33039.0,78,2,4,5,4,1.7216469,0.79352224,2,-1.4885380525282792,-0.970617925207126,5
45,81741.0,1572,6,7,2,75,0.36271456,-4.2811017,4,2.288927562300479,1.1055438983096602,2
54,71499.0,795,8,13,4,12,-4.834118,-1.8437532,3,2.3015530639938446,-1.5210618151053956,0
55,62466.0,889,6,12,4,13,-4.087844,-2.2742593,3,1.7808723250834975,-1.234856379303449,0
62,48799.0,331,3,7,3,9,0.83961344,0.5043133,2,0.14078128977373036,-0.7522191751132993,4
75,52157.0,265,3,5,4,48,1.0503178,0.047809318,2,-0.0944249598035079,0.2512892469992739,1
63,66565.0,1065,4,9,8,80,0.2216869,-0.34262893,0,0.854703568137463,0.46963833921323755,1
74,29298.0,11,1,2,5,60,1.1624814,-0.058656022,2,-1.6861397800811686,0.7260324877889486,3
46,47691.0,21,1,2,6,43,1.834715,0.5359923,2,-1.755116067385803,0.27066728464091594,3
55,38200.0,17,1,2,7,19,1.683533,1.1577562,2,-2.028644252598966,-0.6540231008140953,5
51,44989.0,369,5,5,6,26,1.0178884,0.5064984,2,-0.5335618163775055,-0.8787710349857657,4
57,38443.0,38,1,3,7,58,1.728946,0.32667643,2,-1.825341701968194,0.4585442807129781,3
47,38593.0,177,4,3,8,42,1.7373627,0.4835428,2,-1.6046599036533071,-0.5202410858712426,5
55,64413.0,279,5,5,5,27,0.68191874,0.42478773,2,0.05169478896587692,-0.6496690863311597,4
44,36959.0,62,2,3,8,56,2.136295,0.45564798,2,-2.0282557951789144,0.17010572299175275,3
48,61996.0,1230,6,8,5,27,-3.8912134,-2.6467493,3,1.248604757188337,-0.8470580761116644,0
57,51287.0,182,4,3,7,10,1.2622198,0.67745227,2,-1.0346424587462193,-1.3119914600895353,5
55,13260.0,49,3,3,8,48,1.9880055,0.4220244,2,-2.33247316988399,-0.3341950304253036,5
59,47472.0,75,2,4,5,39,1.1836194,0.41775823,2,-0.988795308988069,0.056451277675331854,3
69,54603.0,227,4,4,7,85,0.9644382,-0.029198844,2,-0.60134769358494,0.8243991471027575,1
51,45207.0,215,3,6,6,64,1.3982241,0.33199936,2,-0.7581055623004066,0.48581725320525504,1
74,40689.0,444,7,5,8,69,0.53159785,0.10096413,0,-0.31628539972943814,-0.29667163966078003,1
58,47821.0,47,1,3,8,54,1.6338365,0.33659676,2,-1.738107720727346,0.2244870017535681,3
74,27450.0,143,2,3,7,57,0.86939895,1.4285879,2,-1.6551001344526763,0.17795564183359508,3
42,39453.0,55,2,3,6,64,1.9724392,0.41241,2,-1.6936431485958519,0.7149918955682119,3
54,26850.0,63,2,4,4,10,1.4996929,0.7286057,2,-1.4044052059908647,-0.7014790396749417,5
70,79800.0,1867,5,5,3,65,0.07533854,-1.4448065,0,2.2340720457409904,0.72938098529089,2
64,61794.0,611,4,10,2,74,0.34260413,-1.2854325,0,1.4318035755774885,1.1288576102403185,2
70,53863.0,473,7,7,7,4,0.12789911,0.35824183,0,0.38178381720693316,-2.04300843903231,4
66,24221.0,55,1,3,4,94,1.3553251,-0.5662133,0,-1.5643211368409884,1.8623697679311189,3
41,39684.0,81,2,2,7,41,2.084213,0.5993885,2,-1.9810639770300174,-0.07704587118377215,5
50,92163.0,2086,5,5,2,25,-5.313949,-5.0364594,1,2.5934246005952373,-0.16874392836348637,0
60,69882.0,1478,3,9,1,94,0.37451,-2.8657715,4,2.1779335283340613,2.0587116153488862,2
48,33178.0,49,1,3,4,9,1.6760502,0.7779621,2,-1.6133708454221882,-0.5216327426936597,5
53,59973.0,382,3,7,1,47,0.8581773,-1.867963,0,0.6496044135889256,0.7351252599111764,1
50,17459.0,69,3,2,7,12,1.9303974,1.2369028,2,-2.2819469404381123,-1.1838213609281132,5
56,23910.0,67,2,3,7,80,1.8717711,0.106600046,2,-2.0200576152592857,0.9206786620439491,3
56,42169.0,30,1,3,8,20,1.6595579,1.2292389,2,-1.9216804732670487,-0.7852780835028744,5
47,26224.0,63,2,3,6,39,1.9702238,0.56220555,2,-1.9437284263428019,-0.08906648066026683,5
44,31089.0,79,3,4,8,57,2.0849965,0.4206605,2,-1.88150670241458,0.018321769820749817,5
64,30081.0,42,1,3,7,27,1.4339057,1.383692,2,-1.9410727594839816,-0.5128428962353337,5
65,62807.0,819,5,12,5,83,0.20571,-0.6644622,0,1.5995719243508062,0.7677737615767443,2
70,72906.0,1151,3,9,1,79,0.26664755,-1.742973,0,2.0991330789070712,1.5889357283639365,2
77,61467.0,594,5,10,5,69,0.25809133,-0.6838735,0,1.2440128276233355,0.3503537220135025,1
59,49618.0,129,3,3,7,77,1.3094599,0.08454853,2,-1.1986892592322944,0.7763677112589199,3
39,21888.0,213,5,2,10,15,2.096537,1.1020292,2,-2.395334839994173,-1.741637145306128,5
52,42429.0,67,1,3,5,99,1.5815593,-0.95274043,0,-1.4525337374343037,1.9905922836442127,3
69,26150.0,28,1,3,7,61,1.5257163,0.20656386,2,-1.9708980146805526,0.44938232432058645,3
50,30801.0,45,1,3,7,23,1.9834492,0.66437024,2,-2.0990961424230385,-0.5660291725937863,5
60,81168.0,1193,6,7,3,84,0.23085505,-1.71095,0,2.0012508127970263,1.15998373118561,2
56,26877.0,268,3,6,6,74,1.3479236,0.0994644,2,-1.0792590954792727,0.6904630096914297,3
81,45006.0,266,3,7,3,90,0.6943381,-0.716605,0,0.26379066796986333,1.5294358499579621,1
52,18978.0,37,1,3,8,41,2.227655,0.5349779,2,-2.5048287430413274,-0.23504508555797113,5
58,22574.0,37,2,3,7,28,1.5936104,1.349769,2,-2.0685415044349007,-0.6194670934174272,5
56,48240.0,882,6,13,5,73,0.12658559,-0.53402495,0,1.462892276049503,0.30065823795920116,2
51,45837.0,373,6,5,7,88,0.88764215,0.030464983,2,-0.5132550633221776,0.6633686058720633,1
60,35791.0,35,1,3,8,94,1.672926,-0.008769738,2,-1.9925654366363625,1.3467749037154735,3
49,162397.0,107,0,1,1,31,-3.7722402,-5.9888363,1,1.5387235960105878,1.2090747257054488,2
47,54162.0,42,1,3,4,31,1.4486883,0.5879704,2,-1.1306814561345147,0.20476398649022712,3
65,30522.0,326,1,9,2,6,1.013487,0.6948433,2,-0.07739373784550196,-0.5517179087828448,4
64,54456.0,404,6,7,6,23,0.41215917,0.37719816,0,0.2931485511713803,-1.1743871845766818,4
54,31632.0,95,2,2,7,92,1.7953454,-0.054362886,2,-1.978352792837652,1.3338504334912984,3
76,72298.0,939,4,6,1,52,0.33543816,-1.3506187,0,1.6781679952562645,0.707814174187382,2
47,36975.0,33,1,3,7,50,2.0343888,0.49011454,2,-1.992486881164673,0.2624566406382817,3
70,72635.0,981,6,6,3,54,0.258096,-0.9850175,0,1.5987246024277284,0.2310087447251902,2
49,13624.0,36,2,3,6,93,2.0730262,-0.08243939,2,-2.2193392563568923,1.442405893205203,3
50,84196.0,1237,8,7,3,56,-1.2397233,-3.0079331,4,2.2306534021778606,0.12171517261892585,2
65,70971.0,1825,11,5,7,28,-2.541306,0.056072753,5,2.0785152602955246,-1.7625020937041436,0
48,34487.0,103,3,3,9,94,2.0446744,0.103900746,2,-2.013129184045838,0.9774788941312155,3
48,28769.0,191,4,4,9,76,1.9119453,0.23761679,2,-1.8103680945408194,0.26753794361116223,3
55,69084.0,1586,7,13,8,43,-3.9685702,-0.36898902,5,2.185689452395643,-1.0819414800167058,0
67,65488.0,963,3,6,1,46,0.4263544,-1.5196027,0,1.2941538263949681,0.6816957439514123,2
55,62466.0,889,6,12,4,13,-4.087844,-2.2742593,3,1.7808723250834975,-1.234856379303449,0
65,32218.0,93,2,3,7,27,1.3046112,1.25487,2,-1.707550431547453,-0.6454242025268738,5
52,83917.0,1587,6,7,3,12,-5.0682254,-3.926882,1,2.2674459267718383,-0.9134665836286922,0
63,46102.0,16,1,2,7,3,1.5252887,1.1496199,2,-1.7482626658430147,-1.130467319381746,5
73,84574.0,1375,9,11,5,72,0.03959541,-0.54448456,0,3.0407417970524357,-0.03501059432778963,0
63,56181.0,393,4,7,4,6,0.68993896,0.4026084,2,0.3537062585841494,-1.1000682656100067,4
75,63120.0,1477,8,9,7,53,-0.30398992,-0.43761542,0,1.9225515490389544,-0.7884971349365365,0
54,73691.0,1179,6,8,2,58,0.0032668412,-2.5995393,4,2.0236971366559313,0.5177495971366033,2
65,63381.0,1005,4,13,2,78,0.18141185,-1.401903,0,2.2352967476140346,1.1699168642900195,2
77,76140.0,1348,5,6,2,57,0.19511752,-1.3261185,0,2.097766724759642,0.5780393963337842,2
66,62859.0,1307,9,6,6,37,-1.1894965,-0.2422804,5,1.5116153909223284,-1.1337295442300546,0
61,45906.0,486,5,4,5,20,0.7602426,0.46392825,2,-0.28123360805753683,-0.9266234274141882,4
78,77632.0,2252,4,6,2,73,-0.021404594,-1.755944,0,2.7708028928480823,1.1736900020584695,2
54,46463.0,235,3,6,6,56,1.2708181,0.36253825,2,-0.6769300110967359,0.2420120008016213,1
55,105471.0,1724,9,13,3,36,-4.378839,-1.7361741,3,4.171140057314048,-0.6978657562295383,0
55,55282.0,235,3,6,4,9,1.0155305,0.5867286,2,-0.1683415008566704,-0.8184460522839412,4
48,78710.0,1092,7,12,4,42,-4.0289693,-1.5849735,3,2.381204239603248,-0.4313836394513408,0
67,66886.0,599,7,7,5,28,-1.047908,-0.748112,5,1.0670044696292158,-0.987353865331956,0
65,98777.0,2008,4,9,1,23,-3.195597,-4.1129084,3,3.4641989490870815,-0.0849372183007051,0
40,29103.0,48,1,3,9,38,2.5321987,0.66761756,2,-2.561561135743898,-0.3797739613906463,5
51,67445.0,1174,9,12,6,63,-2.4488177,-0.19215527,5,2.181465747583929,-0.43241063981397354,0
75,50616.0,67,1,4,2,71,0.9112067,-0.9628191,0,-0.3816025151263432,1.5104316757941645,1
70,49431.0,365,7,5,8,9,0.29927132,0.80099756,2,-0.2463696709653163,-2.008240108319446,4
50,153924.0,6,0,0,0,81,0.96006167,-4.383477,4,1.2951271899552101,2.813718153009354,2
72,61278.0,165,3,4,6,87,0.99051964,-0.16755445,0,-0.43355389141860284,1.1761284566662331,1
67,26490.0,210,3,5,6,92,1.1215278,-0.097183675,2,-1.1340097249108498,1.1941736069910138,3
78,73059.0,1095,9,13,4,36,-1.0525982,-0.9746302,5,3.0249966787888316,-1.0552661915827484,0
59,46734.0,223,3,3,6,86,1.2656777,-0.04826398,2,-1.03360512492015,1.175139077806785,3
62,56253.0,597,7,9,6,83,0.26326978,-0.25431255,0,0.9025658060288457,0.4163432804110531,1
40,19986.0,22,0,3,7,74,2.620428,0.44471297,2,-2.609791092268537,1.0719665194899903,3
50,58330.0,1064,6,13,4,87,0.24753986,-1.1842208,0,1.932282487275466,0.9186131240393793,2
45,25965.0,74,2,3,8,29,2.2148416,0.6600716,2,-2.27342953079327,-0.6670093462775513,5
69,14661.0,26,1,3,6,88,1.4330791,-0.15471755,2,-2.0817416716854718,1.3466480444417197,3
66,18690.0,60,1,2,8,77,1.8523822,0.11685347,2,-2.4464367172094343,0.78339009557598,3
51,45068.0,20,1,2,7,25,1.7965014,0.61837244,2,-1.912882183989118,-0.4354032406248475,5
38,21063.0,59,2,3,6,34,2.3045056,0.69984484,2,-2.183353618675174,-0.21484921084909142,5
57,29187.0,34,1,3,8,43,1.9105444,0.4572386,2,-2.203548561366179,-0.16137458984658062,5
54,54690.0,198,3,5,3,76,0.9843861,-1.4691436,0,-0.1930048000097883,1.3219505476090978,1
61,59304.0,1048,7,10,5,81,0.19118842,-0.48346785,0,1.6286173651116773,0.48949257078990266,2
63,59247.0,574,5,9,6,87,0.3728612,-0.41217822,0,0.7110044750390803,0.8111229456101557,1
55,66731.0,1029,4,6,3,33,-2.5733356,-2.7627375,3,1.046971112605139,-0.0707871319539424,1
45,77353.0,670,6,8,4,38,-3.3776479,-2.824172,3,1.264331263988603,-0.3027659261570171,0
50,52614.0,990,2,8,8,63,0.5098288,-0.42436248,0,-0.1037327630940288,0.2731711112484635,1
51,26751.0,11,1,2,8,26,2.1462395,0.7364323,2,-2.5030723647334394,-0.6182555054517929,5
62,81300.0,1241,10,5,5,17,-3.026201,-1.10131,5,1.9723911899949735,-1.6007485634238863,0
46,70337.0,576,2,12,1,75,0.6423545,-3.2002428,4,1.5569854155835352,1.636749773446338,2
40,36145.0,172,4,3,9,13,1.9548553,0.82838804,2,-1.9162474301742385,-1.495739169815143,5
45,65295.0,664,3,13,2,19,-5.135237,-3.7813787,1,1.5982702680678798,-0.32814334385565586,0
62,68118.0,928,8,4,6,51,-0.39482054,-0.3471739,0,0.8634625467042445,-0.497516680090552,4
58,68743.0,2074,11,13,7,81,-1.432749,-0.2937668,5,3.297990984950036,-0.3815078926908514,0
43,41039.0,467,8,5,8,32,0.8264811,0.42763674,2,-0.5628900123495232,-1.3807931608631419,4
70,38946.0,257,3,6,5,84,0.9900911,-0.122033365,0,-0.4728455468796077,1.1122304787948585,1
58,65777.0,1146,2,6,1,87,0.62887025,-2.9604475,4,1.2245074616872091,2.059460405946357,2
49,66476.0,689,5,11,4,99,0.46435863,-1.5058874,0,1.392437144368202,1.4932824704856478,2
53,86857.0,2114,5,10,2,96,0.11827825,-4.081048,4,3.2632806090201596,1.7612941428499405,2
43,160803.0,1717,0,1,0,21,-6.4023094,-9.063085,1,2.9074742690910838,1.0635296347417778,2
36,77845.0,1346,3,12,1,40,-4.4914804,-6.6133933,1,2.362092385264684,0.5360753485097911,2
56,69476.0,1044,4,4,2,3,-4.206183,-4.091715,3,0.9946167521969944,-0.7514930382024612,4
65,50611.0,493,4,7,6,98,0.7973219,-0.26166663,0,0.0571243852989362,1.2790785548726402,1
55,61209.0,957,5,4,2,73,0.5764245,-2.2535686,0,0.8673235917626495,1.144053890358339,1
67,42315.0,270,1,4,3,90,1.0726353,-1.0885296,0,-0.6552358137888596,1.9251484960736074,3
73,13084.0,29,1,3,6,29,1.2614133,1.6405158,2,-2.085753913710568,-0.40910164903236207,5
76,47570.0,121,2,2,7,3,1.0464853,1.1511226,2,-1.3348201188470834,-1.3189736198783621,5
64,61923.0,126,2,4,3,94,0.99756634,-1.1826326,0,-0.22108016900224953,1.993122740663524,1
30,34824.0,23,1,2,6,65,2.531705,0.56673956,2,-2.250117645092118,0.9405600256038228,3
76,26518.0,57,2,3,8,33,1.0490334,1.6503243,2,-1.8831964784100812,-0.6839667614537853,5
64,45938.0,636,8,6,6,46,-0.34453163,-0.029815506,0,0.4073646633130575,-0.7788070999203137,4
65,78468.0,1004,10,10,4,29,-2.7256403,-0.4162421,5,2.6134529700662847,-1.2450398365329525,0
52,78901.0,734,9,5,4,99,0.41464958,-0.594403,0,1.4214556377846557,1.12957036807386,2
47,71427.0,614,8,8,4,26,-3.8835964,-1.993948,3,1.3565673557531217,-0.9553609190217071,0
47,71022.0,1453,5,11,8,30,-4.494885,-1.4594247,3,1.47529374385592,-1.1004329825529928,0
37,90247.0,1621,3,7,1,27,-5.43102,-7.452432,1,2.179747361499194,0.3136035620075118,2
57,41335.0,187,4,4,7,24,1.27514,0.79075456,2,-1.1179666148522385,-0.961379184726423,5
39,71952.0,1443,8,8,4,93,0.35221314,-3.265554,4,1.977018936433064,1.0394820357277081,2
55,35682.0,57,1,3,2,34,1.288549,0.5418062,2,-1.1472106205506611,0.4826174437680078,3
74,43185.0,637,9,6,8,88,0.20157045,-0.045792762,0,0.3074676376430989,-0.02701185392147322,1
77,66375.0,948,2,5,7,96,0.6452068,-0.41652748,0,0.26200510101182295,1.392638052477278,1
54,35178.0,59,1,2,7,10,1.7934769,1.1568115,2,-2.080559304118586,-0.9252999391971404,5
39,25252.0,18,1,2,8,26,2.5439339,0.76998466,2,-2.6834980369569896,-0.5708817177584139,5
60,55250.0,903,7,10,5,49,-0.99425185,-0.46970275,5,1.3899153427887305,-0.4586906848701348,0
50,33249.0,112,2,3,6,11,1.7238314,0.85518104,2,-1.709490233092271,-0.899578598723157,5
72,58398.0,596,5,8,4,44,0.33576322,-0.783119,0,0.9702967600582078,-0.177989651900195,1
43,50272.0,233,4,5,7,75,1.505541,0.24132393,2,-0.8866732515372527,0.6052151362019602,3
50,76618.0,1511,3,5,1,64,0.5811328,-4.105248,4,1.6598788908941586,1.343457930486697,2
65,87305.0,1152,5,8,2,19,-2.8440938,-2.8134782,3,2.3185612011163936,-0.4909605054730634,0
47,25851.0,48,2,3,7,45,2.0948625,0.51878256,2,-2.11502656338846,-0.060102099804705475,5
55,58710.0,1185,11,9,6,77,-0.024104118,-0.09087808,0,1.8708919334065632,-0.2681681068894732,0
67,45160.0,21,1,2,7,9,1.3754618,1.2162908,2,-1.7139647021911317,-0.975386067344803,5
60,74806.0,965,5,5,4,1,-3.4500139,-3.059564,3,1.0705003038978442,-1.259417313415101,4
71,59111.0,869,11,8,7,90,0.041404754,-0.13161814,0,1.530195081351734,-0.07349993018100962,0
41,18988.0,16,1,3,7,43,2.4689672,0.6293836,2,-2.5075773256012748,0.018465324925942973,5
60,72190.0,1947,5,4,3,79,0.26916122,-2.5951633,4,1.8581285165358428,1.1804458532546807,2
49,7500.0,71,4,2,9,19,2.0176914,1.5947477,2,-2.7006251807728963,-1.437325933955907,5
59,44794.0,65,2,3,6,99,1.3789939,-0.2917087,2,-1.3341585188670122,1.6869757939413752,3
70,80395.0,1380,6,12,2,62,0.04382053,-1.356787,0,3.118496000169856,0.4890702810752477,2
49,75012.0,1027,3,11,1,41,-2.3293345,-4.1137967,3,2.0531824155322616,0.5259798937162913,2
60,56962.0,411,6,5,7,60,0.5713435,0.14103547,0,-0.11618239219941584,-0.15861894744535443,1
34,89891.0,836,11,8,4,17,-6.991854,-2.6566174,1,2.1935697848606486,-1.5040419394356237,0
76,35946.0,11,0,3,5,24,1.011911,1.2692316,2,-1.5030193860052148,-0.20484115640228942,5
72,53593.0,480,7,6,8,60,0.42176056,0.09192556,0,0.13097368844980026,-0.5302294252319724,4
47,66373.0,606,4,10,3,57,-0.59387267,-2.6116462,4,1.163763450408233,0.5752035473594383,1
77,45072.0,284,6,4,8,74,0.76289856,-0.03774868,0,-0.5766720671261634,0.014340163783638156,1
52,89694.0,1472,4,4,5,22,-3.990355,-3.8478718,3,1.3243691364212002,-0.5458695097934007,0
76,72025.0,1677,4,13,2,46,0.08681168,-1.431992,0,3.1227247998955825,0.20535353635836304,2
52,67432.0,1335,8,4,4,69,0.29876566,-2.0262806,0,1.3687234087332973,0.3599491133911977,2
73,70545.0,334,4,7,2,29,0.46997064,-0.90715986,0,1.0805092892865926,-0.12406896625086804,1
36,17487.0,18,1,2,7,37,2.662445,0.7335857,2,-2.748150060522805,-0.11674144762874653,5
56,62882.0,1338,7,6,4,26,-2.883206,-2.430549,3,1.4556911639362746,-0.8502217765443806,0
72,64108.0,1099,6,11,5,8,-2.597777,-1.3551195,5,1.9114302339320077,-1.5747124823649914,0
69,34941.0,97,3,3,8,26,1.1388613,1.3429282,2,-1.6138567394444072,-0.9639571621697061,5
75,48767.0,63,2,3,5,79,1.1529241,-0.087422274,2,-0.8956406932196643,1.1896562813846463,3
47,38702.0,109,3,4,6,71,1.701998,0.28631374,2,-1.3309188515906787,0.7354457441792387,3
61,82224.0,902,6,5,3,83,0.34091353,-1.526727,0,1.5133916604453763,1.1821817550041107,2
73,83844.0,1574,4,11,1,57,0.06523344,-1.6987524,0,3.1495484979615633,0.7803344414760102,2
50,17003.0,38,2,4,5,37,1.8864965,0.548328,2,-1.8501906134558634,-0.07244631141311286,5
30,71163.0,960,3,12,1,30,-5.589447,-6.988071,1,1.8064802364414534,0.24917600518273006,2
55,33697.0,28,1,2,7,34,1.8554113,0.5318342,2,-2.120473435722279,-0.23000964621772058,5
71,63564.0,1215,10,7,6,0,-2.6331074,-0.7142157,5,1.773020538751803,-2.398263395840308,0
53,83443.0,1497,6,5,2,89,0.37368262,-3.2267544,4,2.088166528551727,1.5371705082923577,2
67,51518.0,449,3,10,3,92,0.5679816,-1.0916833,0,0.8191085643366396,1.5981329482561173,1
50,58330.0,1064,6,13,4,87,0.24753986,-1.1842208,0,1.932282487275466,0.9186131240393793,2
56,80952.0,1757,8,11,8,20,-4.926905,-0.86358213,3,2.455809043453443,-1.8072530535081603,0
46,75507.0,1440,8,6,3,56,-1.6708246,-3.8922763,4,2.0019574848425084,0.12993910475935394,2
47,63855.0,1006,7,13,4,28,-4.799439,-1.9498379,3,2.085247000578891,-0.9152020744534313,0
53,62220.0,1226,7,5,6,55,-1.1599927,-1.0773576,5,0.8731104971764692,-0.2542701958659574,1
61,58512.0,1171,3,8,8,25,-1.7375889,-1.1065091,5,0.4390089864047427,-1.0071413614401734,4
46,40662.0,92,2,3,4,0,1.5831282,0.81643546,2,-1.3014115311522156,-0.885813726193883,5
66,38829.0,99,3,2,5,86,1.1605201,-0.15780589,2,-1.2241067012871827,1.2875442744637366,3
44,35523.0,66,3,3,7,8,1.9431489,0.79518694,2,-1.7942189113309626,-1.2338166489002942,5
58,79146.0,564,8,8,6,33,-2.325658,-0.49752408,5,1.333281179006221,-1.0618525953526823,0
37,78285.0,1427,6,10,3,13,-7.227479,-4.810259,1,2.2401451663392806,-0.9097034447745314,0
47,31626.0,86,2,2,7,12,1.9197936,1.019617,2,-2.1007257951793705,-0.9842130968703828,5
73,75127.0,833,2,5,1,92,0.5181965,-1.7621843,0,1.2337036206054677,2.202019410571292,2
70,48726.0,242,3,4,6,90,1.0683602,-0.061195433,2,-0.689285473396893,1.2267152575834952,3
48,74985.0,1869,3,7,2,8,-5.9364004,-5.234292,1,2.005905026631483,-0.49688735389176286,0
38,67430.0,1364,11,12,6,6,-6.773231,-1.9161347,3,2.4127237255202956,-2.321670044531879,0
60,46891.0,183,2,4,4,91,1.1366248,-1.0415295,0,-0.7309908357299476,1.72157140581036,3
69,62058.0,450,6,7,6,52,0.3823674,-0.34244022,0,0.5826789317273678,-0.31793283881513607,1
46,72063.0,758,5,12,2,3,-5.9680834,-4.019888,1,1.9574347848972802,-1.0251905114678797,0
74,78939.0,1507,8,6,3,57,0.100681305,-1.0125967,0,2.4907337515831403,0.04756094936092975,0
60,42720.0,654,7,7,8,9,0.3094992,0.39446387,0,-0.0067665221760318615,-2.040582062964268,4
53,33622.0,81,2,4,7,22,1.643933,1.0614992,2,-1.6950631893819221,-0.7585268349124117,5
68,6835.0,137,0,1,20,76,2.09252,3.5845935,2,-4.732529474200168,-0.8912745913144892,5
72,41452.0,16,1,2,7,86,1.2907845,-0.092774026,2,-1.7167272019562143,1.2501253263037542,3
60,40760.0,93,2,3,6,64,1.4079968,0.2045857,2,-1.405001902971746,0.6399630427025715,3
67,74250.0,1158,2,4,1,90,0.5607996,-2.4530895,4,1.2639900216526239,2.1871901672908045,2
70,51124.0,43,1,3,3,79,1.0127933,-0.8806795,0,-0.7438640274419467,1.6478356753017347,3
54,72258.0,1525,6,5,2,28,-3.6470695,-3.7747898,3,1.8403876839947861,-0.299142536874217,0
51,71466.0,1230,4,10,1,86,0.43293184,-3.2848628,4,2.1644397594148383,1.7123656340284994,2
49,36283.0,29,1,3,4,42,1.6673735,0.5225192,2,-1.5332710789894868,0.45438759524571853,3
55,20587.0,25,1,2,7,39,2.05599,0.5167708,2,-2.4297410933440684,-0.13060500834586258,5
53,30467.0,24,1,2,7,8,1.8836851,1.2386745,2,-2.2336254341361585,-0.9962612466096223,5
53,31590.0,38,1,3,8,40,2.010286,0.51190984,2,-2.195018349381982,-0.22318573196280247,5
39,20425.0,57,2,3,7,5,2.3325062,0.8938216,2,-2.349236421820169,-1.2190848993011218,5
65,17144.0,47,3,4,7,96,1.3277278,-0.10617427,2,-1.8067978268733138,1.1668569021064013,3
57,42564.0,813,6,4,7,28,0.62371665,0.46031472,2,-0.31255351872177195,-1.1173603069264673,4
47,43783.0,629,7,8,7,22,-0.7173325,0.15955353,5,0.13247586525774227,-1.4758046753448775,4
49,40780.0,377,7,5,9,30,0.83856785,0.71493804,2,-0.8492357465751105,-1.4765694473171616,4
80,62847.0,1612,3,4,2,45,0.3079884,-1.3349648,0,1.4964081050103326,0.4807271907380541,2
68,82017.0,729,5,7,2,58,0.29135993,-1.2088814,0,1.7526857106991482,0.6511005252078838,2
75,16813.0,50,2,3,7,49,1.004969,1.6630847,2,-1.9724595797299134,-0.0987671282273865,5
47,51267.0,270,3,5,4,37,1.2194666,0.510285,2,-0.4671224497853108,0.0484093203654909,1
64,46524.0,177,1,5,3,70,1.041059,-0.88864946,0,-0.5356108116671264,1.3430380890272486,1
63,45183.0,315,4,7,7,33,0.7210835,0.7138881,2,-0.4169379156605771,-0.7842815559573407,4
71,70421.0,767,10,7,6,98,0.13237296,-0.16752215,0,1.5961794451823041,0.5092488952802403,2
60,60161.0,1071,11,8,8,17,-2.5865347,0.19753978,5,1.4072739498181956,-2.31305362297644,0
52,73926.0,1580,6,12,3,54,-1.8179128,-2.9075305,3,2.7506691464582755,0.1617326179698669,2
57,19329.0,60,4,3,8,39,1.4607304,1.3933607,2,-2.029982407951767,-0.7207528007310178,5
55,61872.0,573,4,9,4,81,0.4827114,-1.4095373,0,0.8450748365557336,1.1070977699680156,1
69,46984.0,41,1,3,5,71,1.2486125,-0.058263414,2,-1.1623934898915518,1.1103169548581593,3
74,34838.0,170,2,4,6,62,1.0642716,0.23132779,2,-1.1631305488040267,0.47283502534293625,3
81,82716.0,1167,6,13,2,8,-1.9743161,-1.6327472,5,3.2591016174171923,-1.1584982909973414,0
67,48192.0,1526,2,12,8,76,0.10794537,-0.6122689,0,1.0222335365990698,0.46020873653919603,1
49,49681.0,458,7,7,7,66,0.4113624,0.122563384,0,0.027515122834689452,-0.14496085586697016,1
54,56850.0,63,1,3,2,83,1.0353172,-2.4874175,4,-0.6404093395489173,2.0023144973538347,3
68,55267.0,405,3,6,3,28,0.84044874,-0.49171346,0,0.29403987723207575,-0.17383357253082973,1
53,59666.0,1027,3,8,8,87,0.474073,-0.3267351,0,0.2670156899299271,0.8544224715433414,1
53,72504.0,1478,5,6,2,43,-2.1360781,-3.7295427,3,1.8132671884310383,0.25806255109317405,2
44,26872.0,72,1,2,6,0,2.0992212,0.9432824,2,-2.2422478812892956,-1.059032011598926,5
53,21359.0,48,2,3,8,1,1.981772,1.3948162,2,-2.3120450995223645,-1.5407767510080268,5
50,73170.0,726,5,6,2,1,-4.9180746,-4.410544,1,1.1545665323539411,-0.9508285023900296,0
70,52750.0,860,5,9,4,72,0.22809327,-0.79479355,0,1.182189226958086,0.6050882817517622,1
39,91820.0,1497,5,12,1,72,-0.1831812,-5.502087,4,3.121221511467077,1.2406418175402434,2
55,65968.0,495,5,7,3,12,-2.8287241,-2.662075,3,0.8503409383078946,-0.843688333810094,4
49,30772.0,20,1,2,6,89,2.0049028,-0.060633667,2,-2.100912014436849,1.5469035640090931,3
71,22507.0,570,10,4,9,67,0.23617063,0.8668852,2,-0.5869640410535827,-0.9370290277332021,4
53,65685.0,769,9,9,5,54,-1.6716251,-0.17938845,5,1.552970388227891,-0.48796675267253703,0
47,25804.0,55,2,3,8,34,2.171954,0.6011914,2,-2.2661191457017282,-0.5293733617899766,5
45,76412.0,1808,5,8,3,15,-5.998005,-4.5805154,1,2.2003583619744824,-0.7133202674856329,0
53,22063.0,55,2,3,7,43,1.965922,0.47772428,2,-2.1235476337107775,-0.15905544508778666,5
64,57091.0,577,7,7,5,0,-1.3744184,-0.5667853,5,0.7712399055230958,-1.8314726475609804,4
62,22419.0,162,3,2,8,74,1.6853731,0.16444658,2,-2.0686933192804533,0.45460769950339647,3
66,87771.0,1957,5,4,6,61,0.0816022,-1.3681545,0,1.8461404403219348,0.24365002129585825,2
66,78353.0,1576,10,11,8,51,-2.979438,-0.117532134,5,2.6378319396803014,-1.219031829050978,0
71,93404.0,1616,3,7,5,97,0.17690635,-1.3678857,0,2.0925386917220297,1.64649426208132,2
63,37859.0,36,1,3,8,75,1.6359665,0.11458412,2,-1.9116903198526527,0.783141477114128,3
67,80995.0,1482,8,4,4,83,0.13358949,-0.90522844,0,2.002908660072834,0.7523043485127238,2
41,16529.0,22,1,3,6,23,2.3655057,0.77627456,2,-2.415039143298302,-0.4317169280807131,5
49,55412.0,63,2,3,5,65,1.5343161,0.24531275,2,-1.0710365764134235,0.9172012104908808,3
33,48789.0,680,6,7,6,94,0.87964976,-1.7599382,0,0.022080376264107488,1.0232476440296188,1
58,56575.0,542,7,7,5,42,-0.97919154,-0.59146327,5,0.6686762372535824,-0.5732744562546273,4
45,25130.0,50,2,3,7,10,2.034085,1.1020712,2,-2.167185390466218,-1.081605241927692,5
58,35441.0,39,1,3,8,94,1.7552475,0.004022288,2,-2.022647323844562,1.3542752758434913,3
69,71391.0,1043,6,12,3,50,0.15091042,-0.97951305,0,2.4589410795709656,-0.03359034956210398,0
53,49494.0,385,6,5,7,46,0.66678107,0.543063,2,-0.4061492693131807,-0.5655705029913202,4
45,81702.0,1633,7,12,3,98,0.18166316,-3.325892,4,3.032586341291368,1.3767330039965104,2
45,45889.0,46,1,3,6,42,1.8421729,0.5545804,2,-1.6477174486871853,0.21451173010773175,3
48,56628.0,761,7,5,5,30,-2.21909,-1.8287894,5,0.43741378140600595,-0.8351200027621957,4
75,34026.0,76,2,3,5,11,1.0143093,1.0980208,2,-1.25442239136964,-0.8604817848182245,5
51,40049.0,290,3,6,5,61,1.3427373,0.37902376,2,-0.666263825635572,0.524230517109743,1
37,34176.0,89,3,4,6,12,1.9994226,0.80437267,2,-1.599469175626769,-0.9690170894294057,5
44,19419.0,70,4,3,9,76,2.2869174,0.2788624,2,-2.322864744654706,0.27711824013414543,3
65,82504.0,1066,3,7,1,2,-3.6504295,-3.6972969,3,1.881939737287307,-0.5654408718413237,0
55,81205.0,2009,5,7,2,43,-2.4968066,-4.357727,3,2.6247857329543036,0.2502035806099237,2
34,61618.0,1345,3,8,3,27,-4.869412,-6.2115674,1,1.0777099039501454,-0.09004238317977856,1
69,55284.0,764,7,8,5,60,0.22863524,-0.48430085,0,1.1084991445177756,-0.12485358165147087,1
62,49980.0,195,3,5,5,79,1.0696766,-0.24546716,0,-0.5088842287347578,1.0657076437407844,1
45,15072.0,53,3,3,5,96,1.9667006,-0.39007822,2,-1.9399644682167891,1.5638786228976003,3
51,49166.0,368,5,3,6,17,1.1186904,0.5827693,2,-0.723142368111015,-1.0791264635624604,4
71,65324.0,544,6,9,4,0,-1.8005619,-1.4325509,5,1.3333730506601413,-1.5995710575090465,0
68,82347.0,1853,7,10,3,38,-1.1659105,-1.9067862,5,3.215164804974531,-0.43779521797050724,0
59,30843.0,35,1,2,5,43,1.586957,0.4282987,2,-1.8242881112653786,0.29828412326131404,3
51,46374.0,446,7,7,8,1,0.646346,0.4803769,2,-0.208890444657634,-2.220192452441381,4
46,60474.0,1180,10,12,7,25,-4.5324636,-0.5381766,3,1.9231587108464034,-1.8327965117310396,0
52,38576.0,41,1,3,7,2,1.8595377,1.0719224,2,-1.9013329482855026,-1.1632706264710984,5
40,55357.0,727,6,11,5,66,-1.3409228,-2.0930989,5,1.0143818103933004,0.24195417744257924,1
59,37758.0,40,1,3,8,49,1.7307017,0.38125777,2,-1.9697580250206215,0.036933675400274826,5
36,85710.0,1062,6,10,2,5,-7.7057824,-5.2394624,1,2.249503817544542,-0.963070213326004,0
56,23228.0,40,2,3,8,71,1.9858311,0.24558923,2,-2.2135720035869513,0.5082276334642016,3
56,44602.0,292,6,4,8,35,0.8549067,0.84620863,2,-0.858302057002119,-1.0400481201948373,4
38,7500.0,15,0,3,6,94,2.7442734,0.23525642,2,-2.77572913397217,1.7689585709349596,3
36,38683.0,341,4,6,7,80,1.7699126,0.29513645,2,-1.014298586885131,0.7152965124789206,3
50,49514.0,369,6,4,7,61,0.9560478,0.2280305,2,-0.5936643491431081,-0.08726764759633492,1
52,57906.0,401,4,8,4,29,-0.48153952,-1.2243977,0,0.4122376775596003,-0.39449999184725587,4
59,43456.0,393,5,8,5,0,0.66230315,0.4897967,2,0.12033154596065875,-1.61040636736719,4
39,19485.0,10,1,2,7,80,2.622471,0.38934472,2,-2.655661480308617,1.1399448899931577,3
47,53172.0,486,2,8,3,54,0.9580331,-1.8726617,0,0.21191356799071415,0.7601482330532983,1
46,30545.0,69,2,3,7,71,2.0913486,0.33871618,2,-1.9910926790803511,0.7244705338699454,3
42,70123.0,1727,5,4,3,27,-4.53585,-5.6907363,1,1.3835518283653636,-0.2720149241165065,0
66,62450.0,995,5,4,3,61,0.36335996,-1.0369462,0,0.9102400653561792,0.6012498627298191,1
49,21675.0,45,4,3,7,55,1.9423069,0.3751081,2,-1.9303866729458548,-0.06100454816528496,5
44,42395.0,182,3,4,7,35,1.743503,0.58350515,2,-1.3854625178453144,-0.44189510932356657,5
47,61346.0,989,5,10,3,34,-3.6621847,-3.1922822,3,1.4833393053300672,-0.2580722043905198,0
72,80812.0,1677,4,5,2,95,0.212206,-1.9002073,0,2.1594254522063787,1.888651915224029,2
54,42835.0,595,6,4,6,64,0.8449502,0.17228861,2,-0.3602699894590394,0.10244251911454419,1
42,39922.0,156,3,4,8,30,1.9125855,0.63163096,2,-1.6441104114399285,-0.7345760968812742,5
69,86424.0,1226,6,12,1,12,-3.1942837,-2.502858,3,3.255671549120842,-0.8050102665678991,0
47,17117.0,128,3,3,9,96,2.3523808,0.13482995,2,-2.413026378834712,0.9774630375249628,3
53,24762.0,86,3,2,8,16,1.8025855,1.2879362,2,-2.209079237873285,-1.199394138959191,5
50,35797.0,68,2,3,8,16,1.8370005,1.1459605,2,-1.9885141647634863,-1.0351044578354434,5
50,36627.0,16,0,3,5,78,1.8564413,-0.03732152,2,-1.7918814255903874,1.4977069517923234,3
44,51111.0,55,2,3,6,83,1.8074259,-0.06317442,2,-1.3878459552672981,1.3062519526562335,3
53,86857.0,2114,5,10,2,96,0.11827825,-4.081048,4,3.2632806090201596,1.7612941428499405,2
55,82072.0,2018,3,13,1,67,0.10217707,-4.1087236,4,3.4079527259267337,1.2282672778727342,2
72,46231.0,263,6,4,9,87,0.6866629,-0.089652665,0,-0.7774510587694301,0.2764877781444054,1
66,42243.0,55,2,3,7,34,1.1453481,1.1440183,2,-1.48822408536047,-0.4075761952306336,5
63,51195.0,564,9,5,8,46,-0.32267347,0.518434,0,0.14107422069388648,-1.1575396580933457,4
47,68092.0,1281,2,10,5,7,-5.2255454,-3.9174333,1,1.1852635127477946,-0.9159365804935684,0
52,31814.0,83,2,3,9,73,2.0411558,0.26139027,2,-2.177715268700201,0.46911840078329126,3
60,51390.0,353,5,5,5,54,0.8893763,0.20507136,2,-0.12152927594883539,0.07309937841918734,1
42,76630.0,1003,3,11,1,93,0.60611904,-4.245801,4,2.000696286446541,2.0898039161287034,2
34,26868.0,14,1,2,7,52,2.6128612,0.63104486,2,-2.5508919283820415,0.3665017710284642,3
82,48948.0,902,7,5,6,53,0.36980534,-0.24529538,0,0.6567297811686295,-0.4850666131591022,4
53,55260.0,1139,8,5,6,81,0.34303507,-0.21036302,0,0.7744493270446782,0.34965414557228247,1
69,64090.0,797,6,4,5,8,-1.0265297,-0.8210667,5,0.6291532091336722,-1.387337368683888,4
67,78331.0,1638,10,7,4,97,0.089817986,-0.53399503,0,2.756975955275767,0.8081282998316026,2
51,37087.0,401,4,8,6,50,0.98917496,0.32253104,2,-0.387374341626783,-0.14088965108726195,1
39,21846.0,84,4,3,8,38,2.2859278,0.6065132,2,-2.1776545044265823,-0.6619654528167598,5
67,81320.0,928,4,10,2,61,0.20165631,-1.3704455,0,2.187062874542327,0.8009192757427136,2
55,54137.0,203,4,4,6,46,1.0571768,0.35642332,2,-0.6692140807298622,-0.1144169466686396,1
58,66825.0,858,4,6,2,73,0.51749766,-2.0505679,0,1.110815237547095,1.2388413824873497,2
52,57100.0,409,3,6,3,19,0.71241117,-0.82490605,0,0.13620221659826676,-0.36100252093996726,4
56,58917.0,282,4,6,5,10,0.8639958,0.5108664,2,-0.05465922141049164,-1.0622315301932475,4
48,85072.0,1423,3,10,0,94,0.497113,-4.50913,4,2.6329569764965703,2.2888406041167633,2
64,86429.0,1449,7,7,2,10,-3.7037487,-3.0478663,3,2.6431254974752356,-1.0036680363083275,0
54,45684.0,28,1,2,7,37,1.7158755,0.50131446,2,-1.8500185682849966,-0.09413762704199474,5
51,47889.0,67,2,3,5,94,1.4448975,-0.95409286,0,-1.209880700776899,1.7326273787402304,3
39,45921.0,199,2,6,4,23,1.6257854,0.6333151,2,-0.7434260541432591,-0.23500750967535677,1
59,78420.0,1453,3,8,1,75,0.37955353,-2.874665,4,2.1971806327771057,1.5608083757661382,2
33,75114.0,1253,3,5,2,40,-3.7998962,-6.597203,1,1.0369127977078654,0.5651810379265568,1
62,52278.0,1198,10,10,8,24,-2.5316317,-0.0070708287,5,1.5100297090278028,-2.0597870927647035,0
53,35641.0,178,3,4,7,11,1.6118037,0.8746853,2,-1.4424865466905896,-1.2106471511589683,5
31,95529.0,1990,7,7,3,29,-6.647126,-7.68739,1,2.744261040633832,-0.41972610289802853,0
71,62820.0,976,3,6,1,51,0.3866641,-1.3587404,0,1.2941315472925743,0.801076043102873,2
65,73113.0,1001,3,7,2,86,0.41376942,-1.9102863,0,1.48312502231777,1.721735285788517,2
43,84169.0,1919,7,6,3,9,-6.693565,-4.926745,1,2.420457899484026,-1.0757517822796074,0
71,42607.0,350,3,7,3,30,0.9727473,0.2942699,2,0.13105517445461856,-0.19789544226299907,1
71,74637.0,1650,6,9,3,73,0.00784418,-1.2837995,0,2.644673031641642,0.7108243381312161,2
70,46015.0,46,1,3,7,25,1.134181,1.2140062,2,-1.4880552391344866,-0.5403921415823469,5
32,72354.0,1228,2,6,1,67,-0.62538314,-6.264239,4,1.1133973798664591,1.6096361815106626,2
56,39858.0,95,2,4,6,67,1.4936957,0.22236697,2,-1.3318721499388095,0.7179999069134152,3
77,34469.0,62,1,4,4,58,1.135279,-0.059831806,2,-1.0490505713208618,0.7694652448391222,3
39,83033.0,1761,11,10,5,82,-1.0079718,-2.4188254,4,3.0145733529681005,0.15214949237366712,2
46,24401.0,467,6,6,8,98,1.1887604,0.024889383,2,-1.0094317155427843,0.72994294122129,3
47,77583.0,1149,4,9,2,93,0.49915642,-3.5017025,4,1.899201120834202,1.8369577417817617,2
43,74116.0,2052,4,10,2,53,-2.465904,-5.7891307,1,2.643579498343319,0.6327054381302218,2
32,74293.0,1127,5,6,2,66,-1.1549311,-5.694851,4,1.3082730042691189,1.0364713149267042,2
49,68397.0,1416,6,5,3,6,-5.0343823,-4.1634164,1,1.4369475421014783,-1.0818271628806275,0
51,79632.0,1113,6,9,2,42,-2.5279386,-3.2869077,3,2.207763207912992,0.05904414648476562,0
36,46107.0,125,1,4,3,78,1.7777203,-1.8868922,0,-1.080035808259091,1.7248044349258547,3
74,64950.0,966,11,10,7,29,-2.0764227,-0.2918297,5,2.0492685974561993,-1.9065975284001384,0
36,25443.0,32,1,3,8,82,2.684781,0.3957283,2,-2.544432263903101,1.0627723590491531,3
73,75127.0,833,2,5,1,92,0.5181965,-1.7621843,0,1.2337036206054677,2.202019410571292,2
54,32892.0,46,3,3,8,78,1.8206924,0.1647395,2,-1.8756096533454067,0.622162065003326,3
54,71796.0,960,9,4,4,54,-0.9304445,-1.2801903,5,1.3095141465552844,-0.20448742314587376,0
55,67536.0,1829,11,11,8,45,-4.267902,0.14986049,5,2.580855082801027,-1.524122743927183,0
54,55239.0,779,7,11,5,59,-0.8946196,-0.45437914,5,1.356869463992068,-0.16162176027783462,0
50,60554.0,811,8,9,6,8,-3.6483517,-1.5639722,3,1.133368904681006,-1.8551870338085197,4
73,64831.0,1120,6,5,6,51,0.28819925,-0.4719532,0,0.9685943946759078,-0.31385906859898166,1
63,56067.0,725,7,7,5,51,-0.07995963,-0.49025628,0,0.8741381316539989,-0.33500134985695423,1
42,82025.0,1187,3,6,1,76,0.71446526,-4.7179003,4,1.5642323960643394,1.729985186691473,2
72,94384.0,2302,5,5,2,62,-0.02697602,-2.3739123,4,3.1136194833273643,0.826257941919855,2
39,14906.0,66,2,3,7,86,2.5528367,0.3292355,2,-2.444578041942963,1.1391935893497922,3
38,51563.0,1250,4,10,8,60,-2.134843,-2.2627306,3,0.47574685680808354,-0.08826306619676316,1
43,57937.0,683,4,9,3,56,-0.85956573,-3.1328633,4,0.8363671891745282,0.5564383260330985,1
46,68274.0,305,4,5,3,83,0.98875713,-2.1486735,0,0.2453324218995488,1.4753417398495345,1
48,39771.0,50,2,3,4,92,1.5510511,-1.2192636,0,-1.301255731749546,1.803975663828567,3
50,67893.0,995,3,9,8,31,-2.8290532,-1.5534987,3,0.5196542396438096,-0.770899918393062,4
46,27922.0,41,2,3,4,80,1.8025641,-0.3536349,2,-1.6166597268322587,1.4176653606968044,3
49,52190.0,77,2,3,5,39,1.4251983,0.49997965,2,-1.1439389059888005,0.14195709937565057,3
52,44051.0,171,3,4,6,20,1.4285007,0.60499156,2,-1.1078754545242042,-0.7654303071109337,5
54,42767.0,131,3,2,8,53,1.640943,0.35270697,2,-1.7232583318732797,-0.05275649786385033,5
49,46106.0,54,1,2,6,84,1.826837,-0.10646474,2,-1.7136519657527962,1.455188431337111,3
49,16927.0,53,3,4,8,50,2.0995796,0.451214,2,-2.175680201079163,-0.26019632618094435,5
60,59754.0,475,5,6,5,96,0.6852894,-0.525958,0,0.3323096152411916,1.3107867472831218,1
73,53700.0,694,5,8,5,94,0.39935493,-0.51630586,0,0.8180732334194704,1.1215553460616183,1
52,59041.0,96,2,4,5,25,1.1943828,0.562853,2,-0.7919439933123377,-0.2821534881867785,5
68,54237.0,361,5,5,6,48,0.7991755,0.2695116,2,-0.1013981597170423,-0.27415159006168166,1
58,70647.0,1079,4,13,2,65,0.18513493,-1.9330622,0,2.375120626599062,0.8444897717074695,2
63,52597.0,578,6,8,5,69,0.30917266,-0.45940223,0,0.6903757638148794,0.29359389017284687,1
56,41021.0,64,2,3,6,12,1.5144393,0.8647366,2,-1.490559620093107,-0.8679754511948632,5
50,40233.0,149,2,5,6,84,1.6096418,-0.017513106,2,-1.2061265767220688,1.2199432039986435,3
45,50183.0,231,3,6,5,47,1.3477625,0.4628861,2,-0.5568302753966604,0.1769517303813769,1
66,54753.0,728,5,11,4,87,0.29448658,-0.76898116,0,1.3587462874051963,1.0231472469761165,2
52,92955.0,1778,6,9,2,35,-3.9814787,-3.8056645,3,3.0820418403598513,-0.11037981743439737,0
52,33471.0,93,3,4,7,47,1.689553,0.41544408,2,-1.5644696936751896,-0.1560634141207327,5
51,34596.0,23,1,2,8,48,2.0889928,0.47247505,2,-2.301209471317434,0.05596777654441399,5
45,44010.0,662,10,6,9,46,-0.9603956,0.2722309,5,-0.05492438806869318,-1.4110965964870321,4
37,84219.0,1198,3,10,1,27,-5.3928046,-6.697569,1,2.1137409364745383,0.2235147898437315,2
57,40706.0,81,3,4,7,37,1.2874144,0.9422045,2,-1.3446223433797608,-0.44539985092291007,5
37,15716.0,92,3,4,8,8,2.3698924,0.85765,2,-2.3368666365699378,-1.4453714482900184,5
66,59052.0,491,7,7,5,29,-0.937585,-0.5360385,5,0.7810233466208156,-0.9806848450481561,4
54,80573.0,1564,4,13,2,85,0.1572693,-3.192068,4,2.9665698806655105,1.4796731862484096,2
63,83715.0,926,2,13,0,2,-4.50284,-3.8096833,3,2.645101920849912,-0.41561096041105594,0
66,82576.0,1910,2,12,1,66,0.07483226,-2.7329798,4,3.197983176566046,1.3132129926052871,2
60,56962.0,411,6,5,7,60,0.5713435,0.14103547,0,-0.11618239219941584,-0.15861894744535443,1
73,35704.0,94,2,4,4,54,1.0611438,0.036033366,2,-0.9167143731825642,0.5384230543581675,3
71,53103.0,1085,10,7,7,70,0.11034997,-0.09943272,0,1.2905385283699697,-0.52528096993577,0
65,46779.0,23,0,2,4,55,1.2914336,0.15537934,2,-1.3561249020103914,0.963352612720964,3
60,4861.0,6,0,0,14,20,2.3054535,2.88948,2,-4.236141104919975,-1.605352046514694,5
46,33462.0,54,2,3,7,78,2.0678782,0.28128117,2,-1.932541526152464,0.9407368409871887,3
47,63693.0,1150,11,9,6,63,-2.6244195,0.283474,5,1.8538434563536759,-0.6255516198713477,0
75,80763.0,1415,5,6,3,17,-1.7225926,-1.9582406,5,2.071379807461904,-0.7177228053849238,0
51,65352.0,405,4,8,4,43,-0.50716615,-1.4771816,0,0.5828375527307899,0.04787934187218277,1
47,82170.0,1908,5,7,2,13,-5.998435,-4.951231,1,2.453212894473124,-0.5907550356863136,0
56,75759.0,2486,9,9,5,46,-3.459238,-1.2540051,3,3.2466107935354493,-0.7194943616808607,0
49,79689.0,1315,4,13,2,65,-0.013178557,-3.555628,4,2.67003887860634,0.9141398806402617,2
69,35340.0,45,2,3,5,1,1.2502497,1.0145867,2,-1.3279889899026203,-1.122552451046021,5
71,85683.0,1789,2,10,1,6,-3.7297125,-3.6879995,3,2.929735895804395,-0.4091418085949047,0
53,24884.0,19,0,3,7,32,2.0939693,0.6014926,2,-2.347532685293303,-0.20078085847335897,5
44,42021.0,573,10,6,9,34,-0.3658913,0.3196862,0,-0.19199557986457638,-1.7652069071208263,4
36,64449.0,805,5,12,4,70,-1.0692139,-3.5486038,4,1.409577195666387,0.6659919464730668,2
71,64587.0,108,1,4,3,49,0.8641715,-0.8072839,0,-0.22871995881102747,0.7861349999551396,1
30,34824.0,23,1,2,6,65,2.531705,0.56673956,2,-2.250117645092118,0.9405600256038228,3
47,75437.0,1493,8,10,6,25,-5.183413,-1.6575601,3,2.158137820028206,-1.3212278030655693,0
68,26091.0,89,2,3,5,84,1.2277215,-0.16101213,2,-1.4940244222122905,1.284954520817956,3
52,52845.0,936,8,6,6,7,-2.316208,-0.8363958,5,0.6542711801992062,-1.84953735677988,4
69,46086.0,343,3,8,4,34,0.93251884,0.29409817,2,0.1731956679908937,-0.22938520694583966,1
69,78028.0,528,6,9,7,38,-1.0914203,-0.66539675,5,1.1502407828330974,-0.8669298834628721,0
38,95169.0,1901,4,4,1,1,-7.7986364,-7.2796483,1,2.233670703592205,-0.5018027153276062,0
44,56337.0,724,8,4,8,25,-0.66979396,0.16381483,0,-0.12194942046717305,-1.5139603708863378,4
38,22434.0,58,2,3,8,25,2.4678767,0.76304984,2,-2.4591461525833296,-0.7662054673742894,5
71,36930.0,297,5,4,8,50,0.65747464,1.1188209,2,-0.9694079366457565,-0.5582142818143633,5
71,36130.0,488,3,4,4,46,1.0101686,0.30368862,2,-0.4798800815868118,0.17400245481673063,1
72,65569.0,859,6,10,3,96,0.24988168,-0.92570466,0,1.938703132190714,1.3336995830152676,2
73,83844.0,1574,4,11,1,57,0.06523344,-1.6987524,0,3.1495484979615633,0.7803344414760102,2
57,19514.0,69,3,2,8,47,1.8721163,0.40653175,2,-2.2859564178821965,-0.3255807306485045,5
62,36736.0,17,1,2,6,52,1.5383682,0.32133004,2,-1.8119022835025147,0.42482580809135895,3
46,77568.0,2194,10,8,5,30,-5.5850863,-2.201074,3,2.9027069768710962,-1.2462306721713092,0
49,49187.0,116,1,5,2,63,1.1045154,-2.2123544,0,-0.5623803333083921,1.3599766729998315,1
47,30168.0,279,6,4,9,51,1.4921461,0.37230775,2,-1.4686475287976077,-0.7287069037983103,5
57,34053.0,103,3,3,8,14,1.583586,1.1685793,2,-1.784743366274461,-1.2667095669555732,5
54,38196.0,44,2,4,5,20,1.4199965,0.72455525,2,-1.3019523015562435,-0.5126104004365513,5
74,59412.0,406,4,8,3,56,0.4837693,-0.83515507,0,0.889684123924781,0.4527652700731797,1
60,70924.0,1363,6,7,3,41,-1.5694985,-2.3978183,5,1.8866114473338595,-0.14163700127305548,0
56,54165.0,236,2,7,2,72,0.93599725,-1.6469903,0,0.1576184945674415,1.425920977663827,1
52,32300.0,39,1,3,8,1,1.9924377,1.3113664,2,-2.20309318009425,-1.3613550634985885,5
49,20180.0,137,2,4,7,27,2.0112622,0.6448896,2,-2.013611938844179,-0.6433797666959031,5
52,34961.0,79,3,3,7,77,1.7651031,0.18805537,2,-1.6729934929098245,0.7547521067814733,3
51,28440.0,63,2,3,8,87,2.0839765,0.12632176,2,-2.12945277217875,1.0186540629377843,3
72,64504.0,1314,11,4,7,81,0.068423554,-0.16875271,0,1.4670367592199107,-0.23024231787290106,0
59,33564.0,71,1,3,5,51,1.5095642,0.36640278,2,-1.5857784973659688,0.5182240221361241,3
47,17345.0,58,2,2,8,79,2.4096305,0.29814273,2,-2.5896389211371083,0.785678375001311,3
58,56320.0,702,5,9,4,11,-2.611064,-2.016788,3,0.9640419813703582,-1.1183920438297663,4
47,28647.0,94,2,2,7,54,2.0837483,0.46355918,2,-2.1501621973870813,0.23813493944127553,3
38,15038.0,80,2,2,9,93,2.8233464,0.2916029,2,-2.8863490428117737,1.0817747001064164,3
67,32173.0,22,1,3,4,0,1.295231,0.9540871,2,-1.423369193589722,-0.8729444366760943,5
61,68316.0,1211,10,10,6,54,-1.8489656,-0.17788403,5,2.199795027578152,-0.8245534262219498,0
54,74538.0,1461,8,5,3,21,-3.8499684,-3.2062683,3,1.9434764158074784,-0.9123578841861633,0
54,91700.0,1968,8,5,3,58,-1.1615942,-3.7554855,4,2.7793863718860803,0.23029084193251648,2
56,68695.0,1091,4,7,2,3,-4.235964,-3.8607843,3,1.4411886664149614,-0.8280315740876957,0
48,31056.0,55,1,3,8,99,2.1565354,0.0066294125,2,-2.2366948679305123,1.5290999649170267,3
52,79593.0,1366,5,7,2,70,0.36729002,-3.2139783,4,2.0257822747590626,1.0578137159461556,2
45,28071.0,313,5,5,8,65,1.6947107,0.32455572,2,-1.3446381990503538,-0.05983971305577536,5
67,37334.0,62,3,4,4,44,0.8692583,0.5963104,2,-0.8552350421200489,0.14218950019662224,1
53,46423.0,92,2,4,7,6,1.6382011,0.8322892,2,-1.3901169821138644,-1.1821286530784125,5
54,37126.0,72,1,2,6,9,1.6851797,0.96093535,2,-1.872189865277569,-0.8017296057000336,5
72,47703.0,655,6,8,5,95,0.39511234,-0.39052057,0,0.7608793201058656,0.9987557950230056,1
66,61180.0,704,5,6,3,70,0.3638647,-1.0042087,0,0.9264620504309189,0.8155032194598733,1
71,38998.0,54,2,3,8,92,1.2093769,-0.10354058,2,-1.6352360776871109,1.1156449963361557,3
34,8028.0,178,0,0,19,62,3.7896528,0.6795037,2,-5.092794832770212,-0.9782573792858066,5
63,76081.0,1033,4,4,2,85,0.48610884,-2.0583086,0,1.2563616486469766,1.6494069450456124,2
39,34728.0,36,1,2,6,2,2.2073994,0.9375728,2,-2.1494447915351764,-0.9494286143183382,5
60,33168.0,122,2,4,7,0,1.5922534,1.1195725,2,-1.5910936771519457,-1.4374632063942625,5
59,33585.0,122,2,4,4,91,1.3088446,-0.7680192,0,-1.1071395037460758,1.6785323658359554,3
65,77037.0,1123,7,12,3,3,-4.2770543,-2.3345385,3,2.7204359030063823,-1.5118087661710762,0
41,35196.0,497,6,5,8,68,1.4011115,0.29576427,2,-0.9455376792574314,-0.06578902267446148,5
59,44529.0,691,6,11,5,98,0.36319143,-0.47958362,0,0.9795114977883385,1.0590579254231975,1
60,70924.0,1363,6,7,3,41,-1.5694985,-2.3978183,5,1.8866114473338595,-0.14163700127305548,0
59,28764.0,12,1,2,8,16,1.7529833,1.5042301,2,-2.3575878910331256,-0.9398593867194819,5
76,69098.0,2440,7,9,5,82,-0.067810714,-0.83169687,0,3.058540743649578,0.49648347172362634,2
55,25959.0,56,1,2,6,1,1.8277107,1.1597856,2,-2.1382687920387657,-1.0812611408876356,5
42,27100.0,37,1,3,7,64,2.3480308,0.45870918,2,-2.2797357527016007,0.6597816856873557,3
40,70596.0,968,3,12,2,68,-0.06979245,-4.219947,4,1.7861436427251556,1.1727030472532933,2
51,42557.0,270,6,4,8,98,1.0725034,-0.010114234,2,-0.9664825669221042,0.8246704173867483,3
74,53312.0,278,5,5,7,32,0.6135942,0.70398355,2,-0.273856049624831,-0.918810584907338,4
73,72228.0,1250,6,8,3,87,0.13656951,-1.1665034,0,2.144646556956,1.1333842669221168,2
38,67605.0,938,2,6,1,84,0.9678217,-4.6071143,4,0.8427183402727308,2.068526853164089,2
76,62845.0,1178,3,10,8,3,-1.3709418,-0.649982,5,1.0121164241140006,-1.752393223244681,4
67,65196.0,1155,7,11,5,34,-1.9679992,-0.65030056,5,2.057620520878229,-0.9212856044389086,0
38,42000.0,653,5,11,5,23,-2.403915,-1.0617132,5,0.47088718906211185,-0.9239777334123908,4
52,35860.0,49,1,2,5,37,1.7041806,0.53868705,2,-1.7847163072384156,0.1709493763166129,3
61,65526.0,506,4,8,2,22,-1.9491794,-1.9019152,5,1.0935457586646888,-0.3212684718610913,0
64,16860.0,38,1,3,7,19,1.6062618,1.5844511,2,-2.2581227643807305,-0.7955396057077738,5
33,83528.0,1650,4,8,1,7,-7.5965333,-7.8608227,1,2.259123413259573,-0.4403755729978008,0
60,64176.0,1826,8,8,6,52,-1.6850966,-0.22716086,5,2.0574154535493783,-0.5815532996903648,0
69,22304.0,18,1,2,8,91,1.5797226,-0.11039836,2,-2.3537639471288627,1.1948080407492512,3
47,67023.0,906,3,13,2,93,0.47938806,-3.0090594,4,1.8891647254260555,1.8393147509608911,2
54,32892.0,46,3,3,8,78,1.8206924,0.1647395,2,-1.8756096533454067,0.622162065003326,3
59,70713.0,1477,5,8,3,23,-3.2412302,-2.8883708,3,1.971010949531958,-0.5569075916749495,0
70,59925.0,766,9,9,6,83,0.14991994,-0.1697943,0,1.4863939020435897,0.12178738766298895,2
72,39722.0,47,2,3,5,92,1.2206275,-0.17469397,2,-1.155095067113931,1.5520406664180701,3
67,46610.0,467,6,6,6,4,0.45156634,0.4353468,2,0.050085414561628024,-1.75022487315131,4
64,88347.0,2116,4,9,1,32,-2.3755832,-4.036008,3,3.298643623396553,0.144737779379967,2
44,87171.0,1298,6,11,2,27,-5.7270975,-4.055962,1,2.729265341652346,-0.37418301171464957,0
49,26907.0,22,1,3,7,10,1.9801867,1.2202184,2,-2.226679303137643,-0.9571592008549417,5
57,50014.0,396,4,8,5,9,0.7592056,0.50424165,2,0.1265218517585912,-1.1783163480035146,4
47,41014.0,20,1,2,7,65,2.0425878,0.37997985,2,-2.0452203881451605,0.7420488007069892,3
60,66294.0,967,4,5,2,68,0.5018681,-1.9450209,0,1.0700427562513348,1.1044230686527996,1
54,36715.0,357,7,4,9,16,0.9293189,0.84415233,2,-1.0452278723584731,-1.8997655387909873,4
69,79456.0,1401,5,4,3,12,-2.564149,-2.6930366,3,1.6678677803648672,-0.7938839098730655,0
43,40479.0,15,0,3,4,95,1.9368402,-1.3052658,0,-1.6323478594105414,2.187698899648046,3
55,75345.0,2087,5,6,3,16,-4.7551866,-4.1524487,1,2.2483502556696333,-0.6863339272041378,0
48,54233.0,981,11,5,8,46,-1.955924,0.26954335,5,0.62598602774453,-1.3559069682319458,4
55,24163.0,17,1,3,4,3,1.6316223,0.8917649,2,-1.7659196673328197,-0.7609064278693437,5
67,84460.0,523,9,4,5,80,0.29293752,-0.2458401,0,1.2657801336199794,0.4064991413037829,2
42,43776.0,23,1,2,6,77,2.0700047,0.33904472,2,-1.884532367917053,1.2724247818152585,3
67,71691.0,1192,4,5,2,0,-3.2432265,-3.1051354,3,1.448647446942938,-0.9061390975452268,0
52,85844.0,1958,6,7,2,62,-0.44725236,-4.1668177,4,2.7887565532143235,0.7033685652405234,2
51,39190.0,133,2,4,5,91,1.5305483,-0.6256355,0,-1.2188995120936108,1.5879074186707547,3
66,71367.0,777,4,7,2,24,-1.813194,-1.8488715,5,1.3768955643292795,-0.24218517493516703,0
53,38578.0,73,3,3,8,2,1.7402494,1.0067099,2,-1.757442494374417,-1.5847099530655233,5
60,57236.0,121,2,4,3,22,0.87390935,0.51213723,2,-0.4098661754234385,-0.12024713763685652,1
46,61825.0,424,4,8,4,56,0.6239864,-1.7620713,0,0.4570302982221479,0.43864040411833777,1
67,79803.0,868,4,5,1,54,0.40377745,-1.5189903,0,1.5414061418637766,0.8585682460003866,2
39,80910.0,756,3,8,1,71,0.7555338,-4.4830694,4,1.4257763804182109,1.5485653112801123,2
43,27590.0,12,1,2,7,38,2.3131294,0.6358336,2,-2.4270229658758287,-0.0815954549925863,5
46,56775.0,937,5,10,5,62,-0.94209075,-2.0379097,5,1.0252990118904035,0.2604743284858513,1
50,83829.0,1862,4,6,1,78,0.4234063,-4.553194,4,2.3952705373382353,1.6168582855429767,2
46,54210.0,367,4,7,5,18,0.95127285,0.50690573,2,-0.07614202954816417,-0.8256726522689392,4
39,38508.0,443,7,5,8,95,1.239973,0.084328905,2,-0.8000206513436455,0.6131011717968802,3
55,53187.0,267,4,6,5,66,0.9460583,-0.26578483,0,-0.19576644891999334,0.5659076008474024,1
53,30023.0,61,2,3,8,28,1.7186323,1.2851554,2,-2.0884144098643764,-0.7167892523406045,5
65,76045.0,1323,4,11,2,78,0.1453411,-1.7250137,0,2.512515220153289,1.260845037649404,2
73,50870.0,63,2,3,5,13,0.9454322,0.777356,2,-0.8933677443317475,-0.731838792970233,5
55,15315.0,64,2,4,5,27,1.7340927,0.57485086,2,-1.8088237782684442,-0.3945126616777604,5
51,65463.0,562,6,9,5,17,-3.1592402,-1.9916214,3,0.9535301967019483,-1.1580170367803728,4
60,66480.0,312,4,7,4,71,0.6213848,-0.8231823,0,0.5129364796413288,0.8599145365458861,1
71,76773.0,1156,2,11,1,79,0.2242794,-1.8040547,0,2.3624197250747736,1.6850040277705851,2
42,81698.0,1104,8,5,5,1,-5.5359306,-3.4316335,1,1.3545189646359945,-1.7087536164464043,0
52,54466.0,16,1,2,5,78,1.6250539,-0.37622815,2,-1.3605764752697291,1.4425205034147495,3
65,98777.0,2008,4,9,1,23,-3.195597,-4.1129084,3,3.4641989490870815,-0.0849372183007051,0
41,16269.0,44,3,3,8,75,2.4799917,0.34876812,2,-2.4329081243810156,0.5312290897562489,3
54,71819.0,1574,3,5,6,70,0.37370133,-2.181,0,0.8909106450120642,0.7537417365793126,1
42,33569.0,63,1,2,8,10,2.2996247,0.85004264,2,-2.418164439544257,-1.0243232777425413,5
42,36262.0,426,3,3,6,24,1.7374235,0.7473264,2,-1.3464837635687943,-0.610661807842582,5
59,22634.0,96,2,2,8,47,1.8600153,0.41041532,2,-2.293474723007152,-0.1880977603801399,5
47,47025.0,635,11,6,9,98,0.25374272,-0.009538462,0,0.16462783915056678,-0.01715991401234545,1
57,70566.0,757,6,9,3,4,-4.0246515,-2.820018,3,1.6103889239406117,-1.2578897647796603,0
46,31605.0,125,2,4,7,15,1.8752608,0.9313634,2,-1.7964846897088247,-0.9410254878900737,5
52,52034.0,332,4,5,7,67,1.1470824,0.20862325,2,-0.6527099247280095,0.335887372820854,1
46,48526.0,135,2,4,3,32,1.3391231,0.57352877,2,-0.7759760475215008,0.20338795557252853,1
71,46734.0,330,6,5,7,40,0.51097167,0.75877506,2,-0.2921987060308212,-0.8304153893403389,4
63,39552.0,384,6,5,8,54,0.49996364,0.9195248,2,-0.6645355463517516,-0.5567373892268582,4
59,86358.0,1722,5,6,8,78,0.18236892,-0.59825844,0,1.5157635828055374,0.4304159731470206,2
48,46931.0,78,1,3,3,94,1.2783856,-2.4969583,4,-1.0852753804183144,2.1696386897651703,3
40,16581.0,24,0,3,4,51,2.323379,0.6109793,2,-2.2396092797938083,0.8223875154009811,3
73,63998.0,1168,7,11,4,42,-0.1331259,-0.8636519,0,2.2704531449117824,-0.571277954386039,0
74,67381.0,957,2,9,7,67,0.29388466,-0.6818894,0,0.8137462950363591,0.4603265268548521,1
58,25930.0,15,1,2,7,87,1.8847475,-0.065997586,2,-2.258536367895756,1.285021267502519,3
47,42693.0,57,1,3,5,29,1.7000749,0.6324104,2,-1.5408827113594072,-0.04167180235676314,5
49,85606.0,1956,6,9,3,89,0.14040446,-4.00839,4,2.8846981472923017,1.3137223420588704,2
40,72903.0,2013,7,8,4,74,-0.68407226,-4.780904,4,2.3491063358100304,0.6093548603121348,2
51,49669.0,326,5,6,6,97,0.9607388,-0.17024767,0,-0.29332098961697695,1.1990033494819043,1
57,36778.0,77,3,3,9,63,1.6542726,0.2518291,2,-1.8778938442248394,0.03617633329451486,5
63,85696.0,1313,4,9,1,88,0.2619509,-2.3875513,4,2.577572466015414,1.793135515168006,2
36,10979.0,30,3,3,5,34,2.335761,0.70301795,2,-2.18923369432336,-0.2314763925080786,5
64,49678.0,315,6,4,7,81,0.78522587,-0.020200726,0,-0.451721415474129,0.4395060838475347,1
72,56129.0,660,6,10,4,65,0.2204833,-0.7296409,0,1.3893761864516023,0.2455723826881003,2
36,37155.0,74,2,4,5,51,2.0149775,0.5676024,2,-1.5176800711398797,0.4728288284595696,3
47,21282.0,46,2,2,6,76,2.1487224,0.30825028,2,-2.2037307077162707,1.0040446329035162,3
63,33419.0,86,2,4,7,76,1.408414,0.03554041,2,-1.5518667574220821,0.7821843558529299,3
80,63285.0,1103,6,13,3,84,0.07774143,-1.0242344,0,2.6096402428681236,0.8618412300449344,2
51,21255.0,61,2,4,4,56,1.7153105,0.3970952,2,-1.5600724230279275,0.642187420495741,3
44,42162.0,145,3,3,6,31,1.6900731,0.61101466,2,-1.412818170882387,-0.3893365592859505,5
69,54450.0,684,9,8,8,0,-0.9224583,0.42201915,5,0.8031539404276262,-2.597427546902882,4
71,57744.0,411,9,4,8,91,0.29173967,-0.0707572,0,0.14214330013871931,0.1783744866236085,1
39,26576.0,27,1,2,9,40,2.646682,0.6704651,2,-2.7923261297764053,-0.30115472022076395,5
82,57513.0,1060,9,13,6,59,0.020543337,-0.4424805,0,2.3840361520932944,-0.7454773969948074,0
61,68142.0,1459,10,7,6,96,0.11451222,-0.21150492,0,1.989022996255408,0.4783372206470298,2
46,7500.0,18,1,2,8,61,2.6553924,0.4746956,2,-3.0014222001142805,0.36171569285766375,3
51,83145.0,1833,5,11,2,14,-5.9871173,-4.2644057,1,3.0327562075946126,-0.6721811303375675,0
65,54197.0,237,1,6,1,16,0.7038779,-1.1720982,0,0.13536326953364455,0.047812454017418675,1
62,23091.0,48,2,3,7,98,1.5254394,-0.09495291,2,-1.9735684808611371,1.4200182923420313,3
49,46049.0,515,5,9,7,11,0.66598004,0.49915975,2,-0.0019753442569819964,-1.551838848885444,4
51,56715.0,1020,7,4,4,52,-1.1652204,-2.157466,5,0.7090774802140744,-0.03462524580499121,1
64,79410.0,1370,3,5,1,19,-3.1254764,-3.5254538,3,1.7699101393291747,-0.027807866152155625,0
74,57304.0,1026,7,10,5,61,0.14417815,-0.6040361,0,1.7201972377118913,-0.16202441889475455,0
60,44375.0,301,4,6,5,73,0.9926262,-0.123109885,0,-0.30971176597593425,0.7171294197682935,1
69,54450.0,684,9,8,8,0,-0.9224583,0.42201915,5,0.8031539404276262,-2.597427546902882,4
60,59594.0,499,8,7,7,74,0.2512349,-0.03726525,0,0.5641793465555944,-0.058453781725708434,1
31,80685.0,1004,6,10,2,55,-3.2228167,-6.0124726,1,2.03706119465552,0.5095696409005719,2
51,40344.0,218,4,5,7,48,1.3931513,0.38693652,2,-1.0410644212549838,-0.25857622240229516,5
53,62710.0,606,4,12,4,53,-1.027725,-1.4190388,5,1.2836354003897932,0.2232459375180937,1
57,48985.0,75,1,3,3,13,1.1150037,0.64585847,2,-0.9532769268696595,-0.24090773419886977,5
57,35322.0,106,2,4,8,34,1.4733065,1.2150992,2,-1.732148485701925,-0.5639755255088702,5
77,77142.0,990,4,8,2,54,0.2687454,-1.2889339,0,1.979525833193555,0.5842588841459958,2
56,81657.0,1097,3,8,1,69,0.46797818,-2.8556764,4,1.9388564973808895,1.413686329160449,2
29,14421.0,16,1,2,5,81,2.786649,0.49293488,2,-2.5910850035350665,1.487046051484452,3
51,20130.0,34,1,3,8,99,2.218314,-0.005963586,2,-2.473411916365934,1.476584400882551,3
35,74214.0,1711,8,5,5,3,-7.0790734,-4.629185,1,1.5935989340927454,-1.6532878395807986,0
68,66726.0,438,8,4,7,61,0.4034598,0.018346014,0,0.35173596400691254,-0.3757345723173793,4
46,23724.0,75,2,3,8,65,2.2793803,0.395096,2,-2.3007226407283046,0.37750930186542603,3
65,47353.0,225,2,6,5,93,0.9926065,-0.5834176,0,-0.4898672610180025,1.5646363486254566,1
73,33444.0,18,1,2,8,24,1.2510548,1.6157502,2,-2.063724848635575,-0.7497862607153437,5
44,54386.0,470,3,10,3,8,-1.8939981,-1.8856908,5,0.5865871450580855,-0.7568211729940189,4
44,28510.0,91,2,4,5,72,1.9311,0.34736502,2,-1.5993559901951908,1.022705464254608,3
34,90638.0,2525,3,10,1,29,-6.678,-9.155105,1,3.3263584433635947,0.3033361827142697,2
75,48070.0,504,8,6,7,33,0.20891711,0.46816024,0,0.330162934381421,-1.3457824672702885,4
68,43140.0,235,4,5,6,68,0.9687674,0.033865042,2,-0.5885667979032686,0.40971465228751924,1
64,54959.0,1232,9,4,7,55,-0.2870297,-0.046998836,0,0.8083719131549087,-0.7213684375095808,4
67,15056.0,88,2,3,5,76,1.3439823,-0.13154739,2,-1.7697374567984467,1.0145403456299809,3
54,26954.0,17,1,2,7,17,1.8246584,1.315714,2,-2.3064894348310214,-0.7490379904697093,5
40,22327.0,24,1,3,5,94,2.239564,-0.31582347,2,-2.1137204697127125,1.8244125225789034,3
60,44393.0,60,1,4,4,86,1.2802941,-0.8262103,0,-1.021708567684105,1.7024606857793483,3
73,62000.0,1020,6,13,4,25,-1.9239924,-1.0809237,5,2.2508157638285318,-0.9894179138003524,0
63,31497.0,155,3,4,8,22,1.3302698,1.2518764,2,-1.581668780510292,-1.0924906790939646,5
51,45894.0,51,1,3,5,15,1.5139339,0.6847715,2,-1.4248960074880752,-0.4587187749533867,5
55,78579.0,1812,5,4,3,35,-3.4148974,-3.8833075,3,1.8190841312393244,-0.06478466633964677,0
56,67369.0,1461,7,10,4,81,0.13670032,-1.235028,0,2.2495168987651337,0.681966751904029,2
65,58401.0,96,1,2,4,55,1.1140131,-0.10887403,2,-0.8938029340508327,0.8692474350379843,3
73,62307.0,160,4,4,5,94,0.90574145,-0.32189003,0,-0.11801871430273816,1.3917560056400449,1
56,43641.0,139,2,4,6,50,1.3999844,0.36755267,2,-1.2121153332236456,0.2320198347973861,3
57,63841.0,908,9,9,6,64,-0.59868836,-0.194605,0,1.5262169436146968,-0.3662840426842481,0
60,46891.0,183,2,4,4,91,1.1366248,-1.0415295,0,-0.7309908357299476,1.72157140581036,3
56,70091.0,1161,5,10,8,11,-3.4995315,-1.5023952,3,1.176489680244727,-1.6735795145970482,4
53,78075.0,988,3,5,1,72,0.65747017,-3.058896,4,1.3015637640443551,1.576460484748083,2
64,59184.0,1072,6,12,5,6,-3.3578348,-1.7761207,3,1.8139320293856562,-1.6400803875101682,0
48,54809.0,174,2,5,4,0,1.3568876,0.6912466,2,-0.5914866253282816,-0.8931598797498793,4
66,58113.0,758,9,8,7,66,0.17583922,-0.057057977,0,1.087021748570646,-0.4878559374849045,0
67,51412.0,195,3,4,4,42,0.96950996,0.3663255,2,-0.41455932362827147,0.1328710634949198,1
46,15287.0,31,1,2,7,60,2.432502,0.46989673,2,-2.655671834245606,0.506416027597241,3
68,66636.0,1084,3,9,1,64,0.30055228,-1.6341903,0,1.86597069156406,1.1353983433615191,2
69,50965.0,685,10,5,8,87,0.17764315,-0.05329046,0,0.4534537014831902,-0.11767096906828721,1
60,84618.0,1672,6,10,2,96,0.10951497,-2.5200806,4,3.0611515124762954,1.592140983500895,2
35,18351.0,43,2,3,7,1,2.4865186,0.9627512,2,-2.461278544862593,-1.3262514368251788,5
68,40451.0,49,1,2,5,54,1.2285691,0.19748656,2,-1.4697495461447458,0.6162182507686522,3
60,36317.0,133,3,4,7,53,1.3632298,0.29667535,2,-1.3617521001536752,-0.005305611966680456,5
68,42213.0,363,5,7,7,96,0.7652516,-0.0826247,0,-0.23469435381318665,0.89689570692071,1
70,65748.0,545,2,10,1,58,0.41081956,-1.3908161,0,1.4355515986825005,1.0643614372841324,2
53,77044.0,1065,7,11,4,12,-4.9732676,-2.4060013,3,2.2305156983131242,-1.3156157574809622,0
56,74918.0,2047,5,6,3,78,0.21384627,-3.2372887,4,2.238477774262595,1.1286459674291085,2
53,56721.0,296,4,5,6,64,1.100277,0.24442224,2,-0.4085540701006229,0.4068049881687704,1
50,42160.0,140,2,4,6,26,1.5570635,0.604918,2,-1.3296263032900475,-0.4516091400599296,5
60,61559.0,530,4,10,3,8,-2.837599,-2.1790154,3,1.1347392067532076,-0.937381607340989,0
62,33629.0,152,3,4,9,49,1.1808442,1.4113886,2,-1.6896578315642454,-0.43358304450065244,5
34,68682.0,1598,4,10,2,56,-2.6945813,-6.283056,1,2.027636080411814,0.7460400756318903,2
62,34377.0,114,2,2,7,55,1.5496136,0.2936325,2,-1.80976265324559,0.22190238114191724,3
39,8940.0,101,3,3,8,25,2.5221457,0.7516041,2,-2.6000159184049734,-0.9552592237475569,5
52,26228.0,25,1,2,8,50,2.1836143,0.46160462,2,-2.483189766298823,0.079980962531886,5
68,77297.0,789,5,9,4,84,0.2777097,-0.8603502,0,1.6798020875259827,1.0559016932394056,2
44,40211.0,87,2,2,8,30,2.0681746,0.64854425,2,-2.0817412095033685,-0.5574482168466458,5
67,33438.0,90,2,4,5,81,1.2374629,-0.084092945,2,-1.1919050566104723,1.2034599501568342,3
66,75032.0,1215,5,9,3,74,0.13997535,-1.2800657,0,2.1028162921046727,0.9039997246394695,2
70,61284.0,811,11,8,6,76,0.09492841,-0.12123855,0,1.6681533149360985,-0.32559859472055896,0
39,22518.0,61,2,2,5,36,2.189435,0.6776691,2,-2.1241208142334154,0.015134437145103916,5
50,54730.0,405,4,8,4,64,0.734817,-1.2933275,0,0.3273573465972946,0.6304578231798713,1
70,38452.0,72,3,3,7,62,0.8606783,0.9284719,2,-1.3752344139460886,0.247711218062836,3
54,44421.0,189,5,4,8,53,1.1799756,0.33913264,2,-1.0954218235310937,-0.36685705367663113,5
39,38197.0,40,1,3,5,86,2.0933025,-0.2602411,2,-1.7423335826540636,1.6511646952187646,3
47,41986.0,63,3,4,4,15,1.3911777,0.6551049,2,-1.0062293088749812,-0.604365041413355,5
42,28427.0,52,2,3,8,67,2.3430426,0.41014662,2,-2.258761406755993,0.47114570896342034,3
49,37395.0,39,1,3,6,47,1.859243,0.489539,2,-1.8013733454595178,0.3130404530040112,3
54,64722.0,805,8,11,6,47,-2.4731603,-0.27421182,5,1.573835774430202,-0.7613063418455069,0
69,55249.0,130,2,4,3,81,0.9573109,-0.853271,0,-0.31624133579704067,1.5651805119193782,1
53,84906.0,1631,5,12,2,98,0.17293009,-3.3802607,4,3.1021793451348763,1.7697675564538609,2
36,28691.0,34,1,3,8,56,2.5918515,0.57720166,2,-2.4750425314401228,0.3110805219756363,3
73,44213.0,152,2,5,6,48,0.9828596,0.7858636,2,-0.8327013748981361,0.07591270547311497,1
41,25707.0,21,1,3,7,18,2.325925,0.7985535,2,-2.3537035047504062,-0.6913380641856121,5
58,59062.0,71,2,3,4,74,1.0359046,-1.108009,0,-0.710206896417155,1.3009530809194483,3
63,76624.0,899,5,7,1,68,0.3523887,-1.7808757,0,1.8590974115707517,1.0913085963231812,2
78,66000.0,711,1,5,1,36,0.6478808,-1.2900213,0,0.8337053856136942,0.6393927175590325,1
47,27683.0,351,6,4,8,90,1.5737027,0.113238946,2,-1.3023682394562708,0.5526349471009996,3
54,1730.0,8,0,0,20,65,2.5442822,3.584726,2,-5.281240891321658,-1.1451603991510106,5
33,7500.0,119,3,2,9,63,2.9261048,0.5533374,2,-2.9758948572639685,0.059888195533062405,5
57,40521.0,21,0,2,5,82,1.6618222,-0.3736637,2,-1.7487428875301927,1.6227334564009255,3
52,20427.0,10,1,2,8,63,2.2972207,0.3753071,2,-2.6277527471205975,0.44087324315966037,3
50,65106.0,973,8,13,6,55,-3.209652,-0.26124734,5,1.9583406671220196,-0.5581136983887225,0
60,69969.0,1536,4,6,3,64,0.30836195,-2.1133661,0,1.6161674569235698,0.8232663728206325,2
73,67433.0,992,6,13,4,51,0.10387762,-0.88272315,0,2.364147865755339,-0.20601073431958983,0
58,77766.0,1529,11,11,6,97,-0.049508065,-0.31228843,0,2.932494262691662,0.322060635025756,2
53,74716.0,860,7,5,4,92,0.43339795,-1.344295,0,1.180672221218871,1.1736606634596525,2
62,68118.0,928,8,4,6,51,-0.39482054,-0.3471739,0,0.8634625467042445,-0.497516680090552,4
55,55158.0,418,7,5,7,72,0.5780409,0.043957762,0,-0.08328086305204298,0.07383569403689738,1
70,62972.0,587,7,3,6,39,0.50120866,0.1776957,0,0.28623892142603496,-0.7400880314485637,4
50,74190.0,641,4,11,2,49,-1.2855364,-2.8426516,4,1.705845359539272,0.4766117711631045,2
49,39356.0,23,1,2,6,21,1.8283902,0.6762348,2,-1.9191786558023944,-0.4187109886258822,5
56,76653.0,2279,4,11,2,91,0.0859724,-3.8235977,4,3.2094478053119,1.6733559536988227,2
52,35860.0,49,1,2,5,37,1.7041806,0.53868705,2,-1.7847163072384156,0.1709493763166129,3
42,90687.0,1779,6,8,2,98,0.33760193,-5.007795,4,2.782748435037331,1.799688201503933,2
43,73450.0,1804,7,11,3,85,0.15547922,-4.025648,4,2.8084944880185185,0.9963840975432422,2
65,31454.0,48,2,3,8,40,1.2757529,1.4418871,2,-1.9105474869344865,-0.41199087180644456,5
73,47139.0,83,2,2,7,2,1.1501349,1.1437348,2,-1.4144941884506388,-1.3362362616481431,5
50,83829.0,1862,4,6,1,78,0.4234063,-4.553194,4,2.3952705373382353,1.6168582855429767,2
62,53378.0,793,9,6,8,41,-0.9144223,0.27469587,5,0.509793591910981,-1.319084107990785,4
55,19656.0,84,2,3,7,94,1.8538504,-0.046001207,2,-2.1139741517957558,1.3205679826957537,3
77,45579.0,183,4,4,6,10,0.7164012,0.8354417,2,-0.6224066621627913,-1.2991468932292989,4
67,85485.0,1383,6,6,2,73,0.1448082,-1.5074627,0,2.3546050786043793,0.9899984324695623,2
81,55956.0,999,7,4,4,22,-0.25861403,-0.71225226,0,1.0411924281665277,-1.0501992886878015,4
62,64191.0,825,5,13,3,30,-2.3784294,-1.602564,5,2.027885879347797,-0.5025967542467262,0
53,38808.0,246,5,4,8,21,1.2513292,0.8493648,2,-1.203562824591589,-1.3230189204227756,5
59,57183.0,610,9,7,8,51,-1.0109684,0.12878214,5,0.5554215436118661,-1.0207432081390229,4
57,23748.0,76,2,3,8,97,1.81285,-0.010595802,2,-2.15026699963308,1.2687087651202138,3
54,66303.0,1286,3,11,8,56,-1.8754122,-0.5377039,5,1.065863675973352,-0.11236575005405292,1
50,37368.0,30,1,2,6,4,1.8264104,0.92288417,2,-1.9532568099122836,-0.9295535397995196,5
61,40800.0,99,3,3,7,77,1.3324977,0.03474928,2,-1.405839667882067,0.7359912459880777,3
47,71847.0,1192,6,9,3,95,0.3719533,-2.9160743,4,1.9052829489386984,1.4577580642998131,2
50,46149.0,362,5,7,5,36,0.8134767,0.41535908,2,-0.08517262481682947,-0.47920689543582323,4
42,78687.0,2130,4,8,2,13,-6.913517,-5.5619545,1,2.505740076927133,-0.4729660190370422,0
54,49118.0,1229,9,10,7,90,0.09726958,-0.10721,0,1.406428168520201,0.18294214778785267,2
68,37633.0,38,1,3,9,49,1.1866577,1.6309185,2,-2.013248141512499,-0.1491887825109936,5
74,39767.0,485,7,7,8,18,0.13059957,0.7974801,2,-0.03704723637238784,-1.8467440265530892,4
74,26997.0,434,4,5,7,89,0.8812703,-0.10998609,0,-0.8732403200457796,0.7931316290599251,3
55,33986.0,44,1,3,7,43,1.8242658,0.46337017,2,-1.9554088029439105,0.010723186177027257,5
53,57091.0,496,9,5,7,82,0.3477525,-0.010132009,0,0.2618372273753987,0.11172965806749345,1
56,46831.0,78,1,2,4,84,1.342145,-1.2318498,0,-1.2844530186585277,1.718755657018263,3
53,83151.0,2346,5,10,2,80,0.053765237,-4.3581553,4,3.362819528742078,1.2754005194921896,2
54,52531.0,794,7,10,6,68,-0.12064013,-0.32532984,0,1.0144614916100487,-0.028977562260084258,1
69,15759.0,17,1,2,7,12,1.5554057,1.6973382,2,-2.3828669240030407,-1.0024612745275938,5
54,22804.0,26,2,2,9,75,2.178154,0.2412165,2,-2.553080613231813,0.5114738112007274,3
52,43050.0,76,2,4,5,10,1.4708422,0.6766738,2,-1.1897522745193974,-0.7802259050018737,5
48,42997.0,15,1,2,7,91,2.0010862,-0.05338497,2,-1.9814387271982075,1.508298524666688,3
62,48918.0,62,1,4,4,21,1.130188,0.54714894,2,-0.9101430132144219,-0.19855689790140865,5
71,60033.0,198,2,5,2,28,0.7897283,-0.83734816,0,0.1541891636889091,0.13832972129877966,1
47,34043.0,49,2,2,9,97,2.2632117,0.08294084,2,-2.350311536890025,1.2286982039617749,3
59,57811.0,802,7,11,5,49,-1.340458,-0.4991399,5,1.4959824778455386,-0.468237440853217,0
79,78569.0,1736,4,4,1,14,-1.6352688,-2.3643472,5,2.2265921674121674,-0.35892514989457436,0
47,7500.0,57,2,3,6,5,2.087886,1.2448016,2,-2.4005953394618533,-1.1550766120967761,5
54,157733.0,59,1,1,1,37,-2.4820511,-4.7811337,3,1.5825879024036613,1.2115754758420905,2
72,94384.0,2302,5,5,2,62,-0.02697602,-2.3739123,4,3.1136194833273643,0.826257941919855,2
40,23148.0,37,2,3,7,83,2.4115832,0.3220546,2,-2.2630916652612862,1.076861182040251,3
55,44267.0,310,5,4,9,48,0.94306684,1.0389737,2,-1.1400644080925377,-0.6660665894809008,5
46,71626.0,1305,5,8,3,94,0.4489625,-3.3604202,4,1.7102750802460451,1.5904027187511136,2
59,60894.0,832,10,8,7,61,-1.0207024,-0.04334582,5,1.2524332765882173,-0.7299319842384928,0
49,50200.0,401,7,5,8,70,0.69855225,0.08209413,0,-0.4422601859144612,-0.122228416161866,1
60,81051.0,1501,5,12,2,43,-1.4852962,-2.702288,4,2.9735299100705834,0.11154277020728594,2
43,65169.0,1189,10,13,6,23,-5.525306,-1.1003983,3,2.296787719084036,-1.7397712251130668,0
53,59868.0,1194,11,12,6,37,-4.021481,-0.055245165,5,2.293102507802224,-1.5029331059330844,0
65,65695.0,656,5,10,4,50,0.28970483,-0.7735087,0,1.3896293815919627,0.005964031574946229,0
69,64857.0,1540,7,10,4,78,0.06360249,-0.76382923,0,2.4183501027006824,0.5265893207715288,2
60,45143.0,311,6,5,7,74,0.76635605,0.013755571,0,-0.4723776457390825,0.21084134366237642,1
70,74805.0,820,4,10,2,14,-2.0298953,-1.9823221,5,1.9663979493125474,-0.6146603029826577,0
36,59060.0,274,3,7,4,77,1.3228123,-2.076181,0,-0.1214432289274813,1.2507539027251933,1
63,27238.0,57,3,3,9,39,1.3324816,1.5823315,2,-2.051452286343851,-0.7292526714956544,5
60,47009.0,448,3,8,4,89,0.7904924,-0.9070561,0,0.18700359912883585,1.4273317882749008,1
52,46094.0,44,1,3,7,62,1.7696548,0.3388454,2,-1.701920793819134,0.6256447350491439,3
53,40321.0,102,3,3,7,59,1.6204553,0.3120044,2,-1.5212739420203305,0.24095277430658474,3
41,37235.0,61,1,2,4,68,1.9740201,0.19525488,2,-1.7183395621388249,1.2805273033077378,3
65,81843.0,1643,5,12,3,13,-4.0430813,-2.604535,3,3.010497408292066,-0.9361728579000204,0
67,46692.0,397,6,5,6,37,0.59407926,0.45175028,2,-0.13692780981705752,-0.7557695068838888,4
57,77382.0,1121,5,12,1,36,-2.2429335,-3.0265882,3,2.684623553741551,0.05637851744220922,2
48,37774.0,473,7,3,9,28,1.0551721,0.7950586,2,-1.1377510163414812,-1.4940972757588427,5
51,18393.0,50,3,3,8,2,1.9761935,1.2909807,2,-2.2765594894357237,-1.6486755304905376,5
63,72828.0,1678,6,13,7,17,-4.281407,-1.2427301,3,2.4655662508164644,-1.5867807362214867,0
43,24711.0,58,3,3,7,86,2.2088928,0.23957928,2,-2.041751410669267,1.021823762476987,3
50,45503.0,170,3,4,5,54,1.3636009,0.38355777,2,-0.9362335785356035,0.39300438936089205,3
43,6560.0,373,1,1,17,2,2.786888,2.4570198,2,-4.298051842929411,-2.6548692931447015,5
80,71604.0,1196,8,5,4,3,-1.4359058,-1.3649454,5,1.8239868889557664,-1.7090384074405898,0
46,27244.0,101,2,2,7,84,2.1791303,0.25629094,2,-2.179934250924016,1.1182555058619097,3
56,48752.0,316,6,5,9,8,0.817631,0.71532243,2,-0.75990555517015,-1.9885160267194295,4
63,71434.0,1400,7,7,4,4,-3.6169226,-2.471528,3,1.9309533705619732,-1.5211999607385764,0
77,90842.0,1424,4,13,1,57,0.0830531,-1.6758387,0,3.524350071488112,0.740988498495798,2
47,88097.0,844,6,8,9,24,-3.8334656,-0.99260926,3,0.9211212373745935,-1.415954566329205,4
50,51948.0,311,5,4,5,51,0.98041594,0.37388152,2,-0.4119810270567919,0.05597294518160302,1
43,71853.0,1149,2,6,1,29,-3.8791265,-5.5584097,1,1.1618822364205053,0.44449313715935007,1
42,35876.0,129,3,3,6,13,1.8544395,0.7759609,2,-1.6051348722944476,-0.9316090736744976,5
73,40049.0,32,1,3,6,23,1.0661589,1.2218783,2,-1.4508376584708553,-0.4877306234593742,5
43,39660.0,299,7,3,9,36,1.1980767,0.7940089,2,-1.2976607176821713,-1.2283269948018978,5
63,50127.0,320,5,6,6,88,0.8232776,-0.146734,0,-0.13956675371719396,0.8835892298468542,1
48,43263.0,441,5,6,5,2,1.040295,0.6021818,2,-0.26619701380865435,-1.455683579738565,4
76,62845.0,1178,3,10,8,3,-1.3709418,-0.649982,5,1.0121164241140006,-1.752393223244681,4
35,18929.0,85,1,4,6,15,2.4422696,0.8965364,2,-2.2425492215590865,-0.6566098052635877,5
43,24367.0,24,1,2,9,58,2.5929456,0.50268155,2,-2.7904530350923267,0.20178293225107205,5
50,33249.0,112,2,3,6,11,1.7238314,0.85518104,2,-1.709490233092271,-0.899578598723157,5
66,26887.0,30,1,3,6,27,1.3489829,1.3318137,2,-1.848890512404791,-0.3870418701813352,5
42,50150.0,410,5,7,5,32,0.94380295,0.4358303,2,-0.053267134206836715,-0.5474802468457801,4
49,62061.0,800,10,7,6,12,-3.4310591,-0.9705904,3,1.121330227094335,-1.9496070243522956,4
63,85696.0,1313,4,9,1,88,0.2619509,-2.3875513,4,2.577572466015414,1.793135515168006,2
69,76542.0,1483,4,10,2,91,0.14795166,-1.7427809,0,2.5693258485473676,1.6492668259528422,2
32,70515.0,1258,6,4,2,12,-5.6027346,-6.398879,1,1.1542186245725026,-0.6508246500078081,0
38,18227.0,28,0,2,8,21,2.748175,0.8571204,2,-2.983192718879884,-0.6035066865141755,5
60,69139.0,227,4,5,4,23,0.57610863,-0.3927303,0,0.2050658615907502,-0.4900960842366047,4
43,69109.0,1555,6,7,4,10,-5.9807987,-4.264969,1,1.6265571952789806,-1.1317822209971649,0
63,69627.0,861,8,11,5,35,-2.3134804,-0.51823324,5,1.996918549461184,-0.9901786817891411,0
47,38136.0,103,3,2,8,69,1.9819527,0.30706817,2,-1.9381098428249406,0.4314536125728177,3
79,62159.0,634,6,10,4,68,0.21871331,-0.78915435,0,1.5987826502472329,0.3249353088991873,2
62,80695.0,1918,5,5,2,85,0.2321599,-2.7180874,4,2.3555079017847254,1.5005644546981702,2
54,33316.0,131,2,4,6,34,1.5853066,0.51860094,2,-1.4921707286288164,-0.2662366411757202,5
57,58554.0,586,8,6,7,55,-0.4616522,-0.03197593,0,0.42564290837540913,-0.5835001210561919,4
33,17256.0,62,2,2,8,10,2.7213464,0.93864256,2,-2.7875826261080103,-1.1790032200894176,5
51,53034.0,447,6,7,8,30,0.5063459,0.47529382,2,-0.17011615867134827,-1.2092753478426645,4
75,52203.0,939,8,11,6,36,-1.3340379,-0.76437616,5,1.6507211925016303,-1.2236851998225156,0
48,59601.0,797,2,7,8,14,0.8772278,0.5955769,2,-0.282670914286807,-1.1048667081359254,4
67,75154.0,1143,6,6,3,79,0.19463733,-1.2220055,0,1.7627297597900333,0.9855301321005252,2
49,47025.0,415,6,5,6,52,0.8689959,0.30641413,2,-0.335607998226732,-0.23501769911495848,1
52,37971.0,30,1,3,8,97,1.9306301,0.004042506,2,-2.045046473593287,1.4780617483992922,3
57,41335.0,187,4,4,7,24,1.27514,0.79075456,2,-1.1179666148522385,-0.961379184726423,5
67,67267.0,251,3,5,2,0,0.5837158,-0.93772036,0,0.4370398138112379,-0.7759440753381397,4
50,57338.0,237,4,5,5,96,1.075839,-1.061701,0,-0.3178255156793786,1.5085708199962493,1
65,50523.0,91,2,4,6,89,1.2464302,-0.039897572,2,-0.963692349045561,1.3629537455714955,3
60,35791.0,35,1,3,8,94,1.672926,-0.008769738,2,-1.9925654366363625,1.3467749037154735,3
65,50611.0,493,4,7,6,98,0.7973219,-0.26166663,0,0.0571243852989362,1.2790785548726402,1
56,56242.0,971,8,11,6,72,-0.16506544,-0.29031646,0,1.545263266078074,-0.06866713298208815,0
65,48904.0,371,7,4,8,1,0.5405928,0.7065928,2,-0.4613823886727715,-2.1986932796079444,4
50,56243.0,396,4,8,5,26,0.6442127,0.33450803,2,0.19070220033660948,-0.6257679202223143,4
40,21355.0,68,2,2,6,5,2.2437382,0.898321,2,-2.295572673025536,-1.0498300323379817,5
54,57420.0,322,5,6,7,22,0.711289,0.48459494,2,-0.25368997890571365,-1.13433506902229,4
70,46390.0,222,4,3,7,56,0.7583392,0.853889,2,-0.9378441108423131,-0.03679074222897027,5
69,54342.0,177,3,4,6,74,1.0846548,0.03857812,2,-0.6288909835022917,0.7823984297083126,1
52,20895.0,45,2,3,9,24,1.9047294,1.5602369,2,-2.482449498490749,-1.0087130548742715,5
77,92344.0,1899,5,5,1,9,-2.6067693,-3.4002457,3,2.9292663212998344,-0.6086686338417423,0
49,26907.0,22,1,3,7,10,1.9801867,1.2202184,2,-2.226679303137643,-0.9571592008549417,5
45,44964.0,41,1,3,8,35,2.0498574,0.608434,2,-1.9801742275077487,-0.28638214235098847,5
46,75507.0,1440,8,6,3,56,-1.6708246,-3.8922763,4,2.0019574848425084,0.12993910475935394,2
53,53761.0,325,4,3,5,7,1.0988997,0.6335942,2,-0.6051446140030472,-1.083086229991585,4
52,22682.0,95,2,4,4,51,1.6408057,0.42586365,2,-1.4874391260869766,0.49573943677517507,3
53,38887.0,42,1,3,7,17,1.7180306,1.0851146,2,-1.875597475628548,-0.7261273289684168,5
50,41658.0,72,1,2,4,30,1.554403,0.6027167,2,-1.5046472823281856,0.1409750887944756,3
53,29791.0,20,2,3,5,21,1.6277113,0.6140516,2,-1.6738336654213344,-0.48458998794290153,5
69,63915.0,789,6,12,5,2,-2.7859926,-1.508258,5,1.7525007893989921,-1.7591685984576708,0
51,39996.0,15,1,2,6,85,1.8425177,-0.080532975,2,-1.8642054062320264,1.45407812068053,3
53,26759.0,59,2,3,6,65,1.831719,0.31153476,2,-1.850290757170496,0.6498986494577557,3
57,63841.0,908,9,9,6,64,-0.59868836,-0.194605,0,1.5262169436146968,-0.3662840426842481,0
56,51039.0,417,6,4,7,11,0.8140639,0.50744647,2,-0.4592701938353438,-1.5768641172707571,4
64,60544.0,289,5,5,6,92,0.8418405,-0.14661272,0,-0.048235656717713106,1.0590771145443127,1
53,65685.0,769,9,9,5,54,-1.6716251,-0.17938845,5,1.552970388227891,-0.48796675267253703,0
72,37716.0,188,4,3,7,4,1.0522795,1.0354213,2,-1.1622893504326013,-1.603444759793502,5
68,36864.0,354,5,4,8,53,0.6952777,1.0528207,2,-0.9605048391566673,-0.45780552183017836,5
55,44511.0,727,8,8,8,39,-1.1010112,0.119615845,5,0.3133866784253051,-1.2917477633233012,4
58,36947.0,146,3,4,9,49,1.2682654,1.3122462,2,-1.6668764482654557,-0.40388011349491837,5
74,47352.0,319,6,5,7,70,0.6993272,-0.01419105,0,-0.23900556397517875,0.03960051920610915,1
72,67087.0,794,7,8,4,40,0.17687353,-0.7198442,0,1.5942043284921652,-0.5369224132576081,0
75,57045.0,454,4,9,3,40,0.46920776,-0.81998384,0,1.0229794991197112,-0.054950233868504526,1
72,36957.0,152,3,2,9,43,0.9729558,1.515615,2,-1.7715899677339377,-0.5930012608125074,5
48,69389.0,797,7,12,4,17,-4.904308,-2.2726307,3,1.9093080210298592,-1.1957613936356433,0
53,80134.0,1690,5,6,6,40,-2.9793937,-2.5063872,3,1.5588752400671766,-0.38900114997104707,0
56,43142.0,20,1,2,7,84,1.7417186,-0.035811607,2,-1.8755909621318916,1.2679757114007224,3
81,80589.0,1428,5,5,1,25,0.025750428,-1.3858551,0,2.3184012498916546,-0.193586255396319,0
35,34412.0,209,5,3,9,62,2.1314206,0.42208245,2,-1.8444773076820058,-0.1769657735494797,5
46,57537.0,545,4,8,4,83,0.7337042,-2.019904,0,0.4653404641227533,1.214508129381156,1
59,22634.0,96,2,2,8,47,1.8600153,0.41041532,2,-2.293474723007152,-0.1880977603801399,5
77,51315.0,222,2,5,2,45,0.8043686,-0.7770538,0,0.050096197087129674,0.5792248114074107,1
53,36026.0,61,2,3,6,34,1.6426729,0.5190834,2,-1.64095533411088,-0.22682382031338827,5
52,24639.0,44,2,4,6,3,1.8156887,1.0557564,2,-1.8038689309575213,-1.1980514663674842,5
53,34578.0,8,1,2,6,1,1.8085699,1.0289826,2,-2.0003788584795745,-1.0407024251727437,5
53,65704.0,817,2,10,1,18,-3.820459,-3.815052,3,1.4325009777417976,-0.038528317802816875,0
59,63810.0,1371,4,12,8,45,-2.404426,-0.60879713,5,1.4072545820267064,-0.6270976857460074,0
56,54132.0,42,1,3,7,81,1.5890493,0.045075644,2,-1.4577926533455148,1.19501476282794,3
66,18690.0,60,1,2,8,77,1.8523822,0.11685347,2,-2.4464367172094343,0.78339009557598,3
55,28164.0,78,2,4,7,23,1.6276066,1.1738425,2,-1.8004708673499368,-0.7576941929165258,5
51,34596.0,23,1,2,8,48,2.0889928,0.47247505,2,-2.301209471317434,0.05596777654441399,5
53,43269.0,19,1,2,8,61,1.9280198,0.34360987,2,-2.0709599136427133,0.4602976645672365,3
67,38741.0,61,2,3,7,60,1.2908894,0.19388321,2,-1.5443871765552022,0.33869731272778086,3
53,31907.0,449,6,6,7,75,0.8968371,0.06826479,2,-0.6152522699473228,0.19716592327669014,1
42,27100.0,37,1,3,7,64,2.3480308,0.45870918,2,-2.2797357527016007,0.6597816856873557,3
52,31163.0,38,1,3,6,54,1.8736826,0.41794282,2,-1.9087522261402807,0.48281683465669967,3
40,92533.0,1131,6,11,2,84,0.3447981,-4.428584,4,2.6858833825488158,1.3384362471913163,2
52,34853.0,34,2,3,6,75,1.7382257,0.16503753,2,-1.6897907856859862,0.9775088387891032,3
58,70844.0,294,6,5,7,16,0.43474033,0.40363908,0,0.07371054120516074,-1.390162089202255,4
46,31086.0,48,1,2,8,79,2.3297644,0.31236413,2,-2.4156360811674875,0.9752441890997455,3
64,60544.0,289,5,5,6,92,0.8418405,-0.14661272,0,-0.048235656717713106,1.0590771145443127,1
39,20491.0,30,0,2,7,16,2.5741692,0.8776741,2,-2.7652524605858035,-0.6005217811082446,5
61,42523.0,125,1,4,2,96,1.1567022,-1.8370291,0,-0.6917557718623936,2.276226550216093,3
42,39922.0,156,3,4,8,30,1.9125855,0.63163096,2,-1.6441104114399285,-0.7345760968812742,5
73,33402.0,70,2,3,8,60,0.87585473,1.5359195,2,-1.7391840275508963,0.1467991526562354,3
76,36408.0,22,1,2,6,11,1.1283218,1.3372899,2,-1.6530651863986765,-0.841970023634736,5
46,21645.0,65,3,3,9,75,2.2975616,0.29092366,2,-2.378244976749775,0.3823738365550473,3
77,78427.0,1930,3,10,3,36,-0.0011503398,-1.6892918,0,2.7854752444909376,-0.009983947479157665,0
79,82657.0,2283,7,10,4,71,-0.04044515,-1.0567622,0,3.5757570205712725,0.3328047257562347,2
67,51876.0,310,2,8,1,88,0.6840155,-1.5137272,0,0.6028664382357057,1.9597515020050529,1
54,78041.0,1319,4,9,2,93,0.37594557,-2.8707945,4,2.138780349100555,1.805802137396454,2
68,52852.0,879,10,5,8,93,0.10695672,-0.09393028,0,0.6478943349343441,0.06749427972382106,1
43,70038.0,1244,4,8,2,54,-1.5679947,-4.5501614,4,1.5949768313920314,0.7054373060851233,2
52,69401.0,690,4,5,2,41,-1.2933781,-2.6993232,4,0.8041541207607746,0.3613392189957204,1
53,46053.0,209,3,4,5,46,1.2356915,0.41564754,2,-0.8559382794993361,0.14642447302720463,1
60,77343.0,1134,3,9,1,28,-2.4890964,-3.2904482,3,2.04662192607714,0.15177244827359473,2
72,73892.0,1507,3,8,1,40,0.24358955,-1.7044067,0,2.287192916341732,0.4588278485267311,2
58,40304.0,57,2,3,7,82,1.5460232,0.017369075,2,-1.6167893717619064,1.0300320639696285,3
60,32727.0,529,7,5,8,38,0.6002271,0.8850104,2,-0.6197098347697442,-1.1750096121647091,4
56,68695.0,1091,4,7,2,3,-4.235964,-3.8607843,3,1.4411886664149614,-0.8280315740876957,0
54,43300.0,180,4,4,8,87,1.373763,0.061518867,2,-1.2463291246611494,0.7628301003953731,3
53,26290.0,77,2,4,6,49,1.7676054,0.42387924,2,-1.7097561403784822,0.15380525248281207,3
55,93790.0,2349,6,12,2,16,-6.2986026,-4.1413727,1,4.031860401314073,-0.758238076578741,0
51,38410.0,534,5,9,6,65,0.6274088,0.03409131,0,0.02932929070210464,0.1430878380719087,1
75,64866.0,556,7,7,5,9,-0.8204428,-0.40279314,5,1.0781644992530746,-1.5873048328446306,4
66,57957.0,637,4,8,3,24,-1.1877543,-1.2735815,5,0.9353770574340152,-0.45951650011440787,4
70,46015.0,46,1,3,7,25,1.134181,1.2140062,2,-1.4880552391344866,-0.5403921415823469,5
47,16531.0,44,3,3,7,43,2.142989,0.51983225,2,-2.2098498904635475,-0.2878255586700696,5
39,28072.0,47,1,3,7,10,2.34292,0.8797956,2,-2.304364513204406,-0.9091664693036269,5
62,49476.0,795,2,5,2,29,0.6036775,-1.097314,0,0.28719501513225476,0.16224152223554744,1
72,50725.0,586,8,8,8,45,-0.7482616,0.01989143,5,0.5587065182046966,-1.1663674252422487,4
73,83844.0,1574,4,11,1,57,0.06523344,-1.6987524,0,3.1495484979615633,0.7803344414760102,2
75,41145.0,13,0,3,3,20,0.9524809,0.6833022,2,-1.0887410770912704,-0.007025770265382192,5
55,67419.0,1471,9,8,5,29,-3.5135696,-1.1807625,3,2.049769175484104,-1.2082970475320218,0
55,23162.0,65,1,3,6,82,1.8496383,0.014540153,2,-2.02755516061376,1.2624781309322788,3
48,34380.0,175,4,3,8,68,1.8273286,0.28526786,2,-1.6841749393935643,0.22355202861405246,3
59,34704.0,40,1,3,5,65,1.5058442,0.15289414,2,-1.579945303019598,0.9337816964565971,3
56,94871.0,1078,8,4,7,99,0.3728785,-0.14402546,0,1.4055517110782172,0.8873621379179235,2
67,65148.0,1115,6,7,4,9,-2.3047762,-1.8812492,5,1.470644754074333,-1.2761468085064949,0
71,39898.0,134,3,4,7,20,1.0011545,1.0886805,2,-1.1493207617775425,-1.0097903461735986,5
69,64857.0,1540,7,10,4,78,0.06360249,-0.76382923,0,2.4183501027006824,0.5265893207715288,2
55,59892.0,87,2,3,3,26,0.98581755,0.4960059,2,-0.579097140256867,0.05362983001003553,1
38,41020.0,217,3,4,3,68,1.5948402,-1.3212148,0,-0.8448581482814151,1.1322581764293986,3
64,57072.0,1034,7,13,5,79,0.043919966,-0.53768206,0,2.0276163126221713,0.33646427871772133,2
46,60474.0,1180,10,12,7,25,-4.5324636,-0.5381766,3,1.9231587108464034,-1.8327965117310396,0
65,62807.0,819,5,12,5,83,0.20571,-0.6644622,0,1.5995719243508062,0.7677737615767443,2
44,19414.0,32,1,3,8,32,2.4498134,0.68037677,2,-2.602351623886233,-0.4624182070475669,5
45,19107.0,46,1,3,7,49,2.3455849,0.5493797,2,-2.4276177881412235,0.17709686630395,5
49,75484.0,1159,7,6,4,50,-2.106437,-3.0025303,3,1.5239558217312923,-0.0670032466694089,0
49,70379.0,860,6,13,4,84,0.24756132,-1.1185074,0,2.0332944557495924,0.8808951777176594,2
55,79419.0,1631,4,4,2,96,0.493841,-3.257924,4,1.7330391947644022,2.012807409999507,2
79,64014.0,444,8,5,7,56,0.4068821,0.03315483,0,0.5716095389254541,-0.6052923143285344,4
70,76998.0,1910,11,8,6,85,-0.054113954,-0.30043277,0,2.9507740647411222,-0.01718599585371242,0
53,49854.0,380,6,5,6,63,0.82759917,0.19174121,2,-0.24403215089892547,0.08098471124609685,1
54,60585.0,736,7,9,5,17,-3.0787723,-1.6643595,3,1.1489963476507898,-1.3262202294623386,0
75,42873.0,269,6,4,8,11,0.55524254,1.0846294,2,-0.6870339975284143,-1.8344621181670127,4
37,87679.0,2524,7,10,4,62,-3.4331167,-6.585055,1,3.3621059072121624,0.26900600632536453,2
47,57867.0,612,7,9,6,48,-2.2667682,-0.50855136,5,0.7525764684490432,-0.5395745130129224,4
35,35765.0,75,2,4,6,86,2.2061968,0.29038972,2,-1.7025511024356474,1.3538440972037453,3
66,65492.0,1045,4,13,2,73,0.148053,-1.3795251,0,2.328990873104465,1.0258747053347321,2
48,32952.0,55,2,3,7,36,1.9433568,0.56249803,2,-1.932584781623798,-0.30315442522519775,5
56,53374.0,1064,4,9,9,34,-1.5799816,-0.31671888,5,0.28798569076412756,-1.043943315918257,4
66,71706.0,1443,9,7,5,16,-2.857689,-1.107087,5,2.119471109026216,-1.5982538664987265,0
37,68487.0,1366,9,13,4,48,-5.20219,-2.4155767,3,2.6300488855067448,-0.5419266230501624,0
50,53253.0,436,4,5,5,61,0.9749892,-0.73742634,0,-0.2608725472133886,0.4638018131720181,1
52,31163.0,38,1,3,6,54,1.8736826,0.41794282,2,-1.9087522261402807,0.48281683465669967,3
48,42014.0,436,7,6,8,56,0.7152779,0.2128327,2,-0.4811288568187848,-0.5833131252341701,4
52,54108.0,747,8,9,8,74,-0.6657282,-0.21053462,0,0.6717106106529696,-0.24073539809617292,1
70,49667.0,1396,5,5,8,35,-0.5563097,-0.40279627,0,0.3645842436199528,-0.9852553248044785,4
51,63206.0,928,4,6,2,65,0.5970955,-2.5801733,4,0.9928936873742744,1.0208822612993036,1
53,57136.0,642,5,10,6,48,-1.6470441,-0.7022709,5,0.7208251279963358,-0.3227600931004788,1
50,46772.0,1048,11,5,8,88,0.16076821,-0.062992394,0,0.5451028966539122,-0.15927405340268178,1
54,78931.0,943,2,13,1,19,-4.5145416,-3.8030126,3,2.2869750904932813,-0.040333277132721765,0
67,53977.0,907,5,12,5,21,-2.055422,-1.1777655,5,1.4691228772854859,-1.094480233389709,0
37,84219.0,1198,3,10,1,27,-5.3928046,-6.697569,1,2.1137409364745383,0.2235147898437315,2
50,46098.0,120,3,2,8,86,1.7933986,0.08790358,2,-1.6932867069887565,0.9460106058198219,3
60,73538.0,1658,10,9,7,92,-0.015606135,-0.22536147,0,2.3987385895328663,0.18770607561797742,2
39,79529.0,1638,4,9,2,1,-7.7275343,-5.7657027,1,2.218475045638654,-0.8277455559489982,0
48,20981.0,73,3,2,8,14,1.9961811,1.2882739,2,-2.3723672515805507,-1.249618072797948,5
45,51766.0,275,4,4,5,74,1.3430774,-0.6754207,0,-0.6297209652237712,0.8884171063403387,1
63,55759.0,854,10,8,8,84,0.114546165,-0.08956688,0,1.0557238937992584,-0.23709383659379168,0
47,33039.0,78,2,4,5,4,1.7216469,0.79352224,2,-1.4885380525282792,-0.970617925207126,5
53,37787.0,106,3,3,8,50,1.6947507,0.38593256,2,-1.7326967199955694,-0.17855885783579897,5
55,27242.0,106,2,3,9,2,1.90236,1.4041885,2,-2.2522238974708944,-1.6456431127853077,5
42,87188.0,1923,10,6,3,73,-0.59667015,-4.3801174,4,2.888918538778255,0.4127734151771654,2
54,69930.0,1662,4,12,3,21,-4.7416496,-3.3344927,3,2.4817975112904382,-0.5608131756068301,0
49,37697.0,84,2,3,6,82,1.7759056,0.0345564,2,-1.616879992853521,1.205978814525148,3
52,37401.0,48,2,3,7,14,1.72613,1.0253363,2,-1.7907353501487993,-0.9505728233493028,5
52,3502.0,5,0,0,14,56,3.0480323,0.52466226,2,-4.3575525745645,-0.5179590235837196,5
49,58597.0,733,7,9,7,20,-2.8256521,-0.5863818,5,0.7336287445253574,-1.5153269227981343,4
77,82032.0,1234,4,7,1,54,0.23610677,-1.5236305,0,2.306688910704488,0.7695551031930346,2
67,28087.0,112,2,2,7,77,1.4412057,-0.019531293,2,-1.8891644367786826,0.8231032630539831,3
38,74004.0,1658,4,4,3,5,-6.571124,-6.1544337,1,1.2316318101869932,-0.7502006423711491,0
65,19740.0,55,1,3,5,65,1.5028298,0.09986811,2,-1.8441255462177775,0.8530172241723593,3
50,57036.0,1513,6,13,9,33,-3.8613625,-0.59435207,3,1.494999439364859,-1.4070026474536235,0
67,53083.0,271,5,5,7,65,0.7949352,0.03934751,0,-0.36207107723441884,0.08024724644559438,1
50,69283.0,904,7,13,5,41,-3.7243009,-0.90959406,3,2.018482539842322,-0.6719217077433387,0
50,46098.0,120,3,2,8,86,1.7933986,0.08790358,2,-1.6932867069887565,0.9460106058198219,3
37,23331.0,103,3,3,8,92,2.4969866,0.26314098,2,-2.2625429623160374,1.0728895525219306,3
37,23331.0,269,5,5,9,97,2.1946917,0.17880262,2,-1.7346431013505557,0.7523323369957685,3
36,9255.0,22,1,2,8,91,2.9753218,0.36195728,2,-3.0725904487298847,1.292958524887,3
66,67786.0,1156,3,6,1,0,-3.4636538,-3.3526287,3,1.4800654311702295,-0.6584850549587928,0
54,71969.0,1086,3,9,8,59,-1.161344,-0.5370364,5,0.7505676478892765,0.04731824170523631,1
58,59235.0,1128,11,12,7,4,-4.050785,-0.43514493,3,2.1233312047483346,-2.6414863275684417,0
36,31928.0,72,3,4,7,5,2.1286433,0.8673945,2,-1.8334606335144397,-1.3241193891128407,5
64,74881.0,964,9,12,5,48,-1.751745,-0.57934684,5,2.49318479334507,-0.7547601482049825,0
47,65819.0,1383,5,10,3,99,0.3700012,-3.1833017,4,1.9364983013958643,1.6621125154773893,2
72,51411.0,18,0,3,5,81,1.3394549,-0.11376437,2,-1.164636899766787,1.5423255269319,3
61,51983.0,793,9,10,7,95,0.12281017,-0.097657636,0,1.2025857147482875,0.31431978015109824,1
39,42386.0,100,3,3,8,43,2.079558,0.56727,2,-1.8079079034503611,-0.3056910093770392,5
38,30390.0,80,2,3,6,5,2.15144,0.9018089,2,-1.9562077550175097,-1.0328495612532034,5
62,30983.0,167,4,3,8,50,1.1122288,1.2333635,2,-1.6006254234399588,-0.37886415415994645,5
68,66033.0,677,8,7,7,76,0.24573193,-0.07096729,0,0.964351416633391,-0.013739875790127287,1
50,37284.0,23,0,3,6,46,1.9226619,0.51151115,2,-1.9334254652409537,0.4143728511900332,3
74,57530.0,92,1,4,1,68,0.80140185,-1.2817813,0,-0.05970459237602866,1.5975157992130087,1
60,76800.0,641,4,7,1,33,-1.5971442,-2.2775536,5,1.4717637766395735,0.2157840414788976,2
69,63943.0,1106,6,6,5,50,0.26661348,-0.6109367,0,1.1795780344459408,-0.2070022783118481,0
63,76081.0,1033,4,4,2,85,0.48610884,-2.0583086,0,1.2563616486469766,1.6494069450456124,2
51,67445.0,1174,9,12,6,63,-2.4488177,-0.19215527,5,2.181465747583929,-0.43241063981397354,0
58,37054.0,25,1,3,7,89,1.6547389,-0.043345325,2,-1.845850114430423,1.3594960754046714,3
63,47175.0,240,4,4,8,81,1.0327665,0.008560737,2,-0.994271858996619,0.5603247971342051,3
49,31859.0,20,1,2,7,77,2.1372364,0.287902,2,-2.231453219061617,1.0524545686394422,3
64,27215.0,102,2,4,6,50,1.4192692,0.30440503,2,-1.528587251515742,0.13775309247654252,3
49,70179.0,1034,7,13,5,10,-5.359024,-2.2323244,3,2.1242591261936528,-1.57601113499157,0
42,39922.0,156,3,4,8,30,1.9125855,0.63163096,2,-1.6441104114399285,-0.7345760968812742,5
49,49681.0,458,7,7,7,66,0.4113624,0.122563384,0,0.027515122834689452,-0.14496085586697016,1
37,24645.0,17,1,2,8,16,2.607084,0.8657854,2,-2.7271069110114676,-0.8578775496975147,5
71,79865.0,792,5,5,1,12,-2.1078007,-2.0890622,5,1.644668251936931,-0.5264934732129894,0
40,44322.0,92,3,3,8,30,2.028611,0.65233195,2,-1.7607442305297036,-0.6847103590728847,5
73,47958.0,407,6,5,5,8,0.54475486,0.4401071,2,0.11903415839104459,-1.4832193925794228,4
61,63972.0,1269,5,10,4,93,0.24108805,-1.204522,0,1.8206572654552182,1.2728468079080164,2
71,75315.0,841,5,12,2,14,-2.3025835,-1.6954998,5,2.420825324944773,-0.8015612980412772,0
75,55517.0,633,11,6,9,53,-0.93515337,0.29914445,5,0.6999627671270793,-1.4310993423598997,4
68,75283.0,1019,6,5,4,26,-1.3729827,-1.4258859,5,1.36385679456583,-0.6948266858209293,0
79,82800.0,1315,7,12,3,23,-1.2155763,-1.2341495,5,3.197783252976275,-0.967619524349464,0
71,38998.0,54,2,3,8,92,1.2093769,-0.10354058,2,-1.6352360776871109,1.1156449963361557,3
34,90638.0,2525,3,10,1,29,-6.678,-9.155105,1,3.3263584433635947,0.3033361827142697,2
39,27161.0,52,1,3,7,41,2.3893201,0.65738416,2,-2.31130313532342,-0.002286536154770317,5
48,42014.0,436,7,6,8,56,0.7152779,0.2128327,2,-0.4811288568187848,-0.5833131252341701,4
65,38201.0,268,5,5,8,19,0.8966675,1.0273712,2,-0.9073340728037865,-1.4614636566257484,4
43,45203.0,147,3,3,6,4,1.7543815,0.80294156,2,-1.361212199871288,-1.1667332753838764,5
78,81574.0,1798,4,8,1,89,0.07131997,-1.8800738,0,2.929147420681112,1.7602607321212138,2
33,34935.0,137,2,4,7,71,2.3455107,0.4727173,2,-1.8530251898534755,0.7724666481131135,3
49,60482.0,507,7,7,7,81,0.4528458,-0.013011729,0,0.3272221601914902,0.33399463938601914,1
69,34633.0,15,1,2,6,31,1.196491,1.2828919,2,-1.7819975432405968,-0.23021804441410962,5
78,78093.0,1105,4,5,1,53,0.31306234,-1.4316486,0,1.8354309079437172,0.7718031822553019,2
75,82460.0,974,5,6,1,78,0.23462546,-1.5421942,0,2.070783807717879,1.3766942900751817,2
59,45903.0,66,2,3,4,80,1.2071539,-0.7969491,0,-1.0093698572540017,1.425159330651884,3
38,81361.0,778,3,13,1,18,-6.4268312,-5.5268736,1,2.1343753843794615,-0.1238054185792509,0
52,35860.0,49,1,2,5,37,1.7041806,0.53868705,2,-1.7847163072384156,0.1709493763166129,3
73,40442.0,169,3,4,7,52,0.77023363,1.113147,2,-1.0716952722573772,-0.07744298881622409,5
60,61482.0,299,3,6,2,39,0.72272825,-1.0361049,0,0.4076543254502391,0.3541564740685241,1
45,34968.0,221,3,5,7,11,1.7547206,0.73069304,2,-1.3813434718672557,-1.20271669103518,5
38,75794.0,1682,7,12,3,33,-6.4194613,-4.1331954,1,2.824380868099099,-0.5229234770483131,0
63,31497.0,155,3,4,8,22,1.3302698,1.2518764,2,-1.581668780510292,-1.0924906790939646,5
70,74268.0,892,4,5,2,83,0.3815997,-1.4271824,0,1.3263663457467283,1.5305167715022623,2
37,13724.0,58,2,2,9,43,2.7978437,0.66816574,2,-2.9647618814313748,-0.38643936271334983,5
60,45143.0,311,6,5,7,74,0.76635605,0.013755571,0,-0.4723776457390825,0.21084134366237642,1
58,52569.0,95,2,4,3,54,0.98487854,-0.9782484,0,-0.5556670113861075,0.8115749543716883,1
52,48432.0,424,7,6,8,3,0.67949784,0.49098852,2,-0.3074480098020529,-2.133782797265047,4
65,17144.0,47,3,4,7,96,1.3277278,-0.10617427,2,-1.8067978268733138,1.1668569021064013,3
41,36108.0,339,7,4,9,68,1.4352069,0.25399604,2,-1.2205728182445026,-0.3176230410999357,5
54,76445.0,1410,2,13,6,2,-5.4246235,-3.2739851,3,1.8489094356427396,-1.2840619724651012,0
50,36663.0,35,1,3,2,40,1.4448067,0.43259013,2,-1.203236397812886,0.6846294369483511,3
60,53843.0,562,8,3,7,64,0.43047202,0.10231982,0,-0.09035865785253522,-0.2760601654196524,1
69,90226.0,2352,4,12,2,26,-2.6851866,-3.1726446,3,3.8730637124949165,-0.26860260583685003,0
70,70638.0,1334,4,10,3,69,0.107099,-1.2979368,0,2.160176789567774,0.8332121596088794,2
65,44512.0,32,1,3,4,57,1.1889194,0.087575525,2,-1.130893209918581,0.8540620447581216,3
64,27116.0,41,2,3,7,78,1.5250484,-0.006394915,2,-1.8661856096870064,0.8386035585749102,3
62,54072.0,39,2,2,8,71,1.4243087,0.108377606,2,-1.5552327323656592,0.6178064175870558,3
48,71855.0,1141,5,11,3,59,-0.9047607,-3.187788,4,2.01938426848037,0.48346290386799196,2
35,51250.0,710,10,4,9,28,-1.1652924,0.15359473,5,-0.26066998332363384,-1.8211301469227772,4
52,60432.0,401,7,5,6,61,0.5648581,0.00035790168,0,0.13742667704229417,-0.07061506841725733,1
61,65526.0,506,4,8,2,22,-1.9491794,-1.9019152,5,1.0935457586646888,-0.3212684718610913,0
37,68655.0,1538,4,11,3,95,0.46666455,-4.752334,4,2.0179956622480404,1.7081271044083874,2
47,12393.0,57,2,3,9,38,2.4182618,0.60723543,2,-2.7307707834728503,-0.6065119902478624,5
35,64509.0,1722,6,9,4,19,-6.8514633,-4.7504373,1,1.8429863860617512,-0.8996251223569058,0
50,33955.0,270,5,5,8,92,1.3429456,0.042953815,2,-1.169882897130194,0.7327024251620285,3
48,31353.0,31,1,2,8,24,2.1798,0.6825131,2,-2.4166434509294223,-0.6473382823837673,5
41,55434.0,882,5,13,4,21,-4.963005,-3.16267,3,1.4497607398609758,-0.8527023659403429,0
42,28359.0,16,1,2,7,35,2.3245072,0.66721696,2,-2.4191996537933638,-0.16253949520970354,5
38,57100.0,311,3,7,3,9,0.81082463,-0.48339498,0,0.017625080259959427,-0.6161897636308834,4
60,69139.0,227,4,5,4,23,0.57610863,-0.3927303,0,0.2050658615907502,-0.4900960842366047,4
69,52973.0,1152,9,9,8,92,0.039375067,-0.13278507,0,1.328618291608962,0.06876473658470134,0
60,51717.0,122,3,4,7,55,1.1632398,0.26020136,2,-1.0078575181723768,0.10927551909523842,3
54,18793.0,77,2,4,8,14,1.8515247,1.4310086,2,-2.189474686601364,-1.197482905060617,5
43,66664.0,1289,5,6,3,78,0.551346,-3.6936977,4,1.2531752143805852,1.1648318911711033,2
66,50664.0,561,8,6,9,64,-0.14650816,0.42478666,0,0.03131325558428973,-0.6792283900472588,4
62,54414.0,211,3,5,4,49,0.96894836,-0.10918809,0,-0.24922777077053176,0.3467298603731565,1
73,54549.0,233,5,4,7,8,0.5848886,0.7924836,2,-0.44461690430599876,-1.5897150999459042,4
54,47111.0,1092,3,10,9,35,-1.4234889,-0.32442775,5,0.15255876262973395,-0.9178275104822257,4
62,41003.0,601,6,8,6,11,0.3057332,0.38078064,0,0.2525701211504683,-1.593274729931912,4
43,19444.0,54,4,2,7,8,2.059941,1.0226296,2,-2.208615344258814,-1.398385901194705,5
49,36301.0,78,3,3,7,53,1.7981023,0.40081763,2,-1.6880492651494001,0.06813499472130466,5
78,73059.0,1095,9,13,4,36,-1.0525982,-0.9746302,5,3.0249966787888316,-1.0552661915827484,0
56,42731.0,244,4,5,5,64,1.1463717,0.15332194,2,-0.5909195820329427,0.4895939202960528,1
66,52854.0,116,2,4,5,43,1.0043792,0.36332095,2,-0.7388298668832733,0.16205651684777211,1
47,22775.0,15,1,2,8,40,2.3689651,0.5895015,2,-2.63894924838172,-0.20398994193454098,5
77,46681.0,425,4,4,5,52,0.9941424,0.11672163,2,-0.22998194711010364,0.08129595697080017,1
70,59821.0,734,11,7,8,11,-1.3596721,0.28326985,5,1.102040441134327,-2.5062362305881014,4
71,50002.0,638,8,7,7,21,-0.2592018,0.28472728,0,0.5742470518493802,-1.6994531596405413,4
80,69755.0,894,3,12,1,23,0.15091407,-1.3160645,0,2.345339485069588,-0.18102293461040642,0
56,44078.0,41,2,3,5,17,1.3588386,0.6786795,2,-1.2838984874593922,-0.563801000244411,5
49,30560.0,31,1,3,7,6,1.9754571,1.1564031,2,-2.134615827843293,-1.061493563583018,5
56,35924.0,34,1,3,5,56,1.5895084,0.35188958,2,-1.5969531778904662,0.687224215090329,3
61,64140.0,1750,2,6,5,71,0.32375515,-1.7908105,0,1.1100230852392592,0.9793954312953338,2
44,56386.0,612,9,7,9,51,-1.485009,0.39996004,5,0.19752730478463873,-1.1035851398787584,4
46,24594.0,29,1,3,5,94,2.02519,-0.5087598,2,-1.9807662639885173,1.806118776129796,3
44,75774.0,823,7,8,4,27,-4.442139,-2.8911068,3,1.4660381740889823,-0.7641478365521832,0
65,39228.0,20,0,3,4,1,1.3222859,0.8766967,2,-1.412297519794237,-0.6738972633290543,5
51,58494.0,396,6,6,6,56,0.6081589,0.095759295,0,0.08701242784320214,-0.10904732592525207,1
44,58684.0,813,5,12,2,71,0.41795203,-2.9880936,4,1.6857449704099092,0.9312142495802163,2
58,57136.0,1179,7,7,6,18,-2.739886,-1.4675856,5,1.049140519445653,-1.4293452391664456,4
75,56551.0,138,2,4,4,48,1.1102551,0.10708692,2,-0.366639617858081,0.42836689270179856,1
43,22448.0,55,2,3,3,86,1.8697188,-0.94937104,0,-1.617488051077504,1.733122254838697,3
64,82014.0,1511,3,12,6,48,-1.4094282,-1.0856649,5,2.1911463509365423,-0.06940156517095085,0
62,34213.0,117,3,2,9,2,1.5929054,1.38671,2,-2.0046189290335854,-1.762318664072273,5
48,157146.0,1730,0,0,1,13,-6.775987,-8.217577,1,2.598300035465101,0.671568869594871,2
78,25358.0,32,1,3,6,57,0.8144208,1.2986166,2,-1.7222349270120823,0.4353946592975692,3
47,35544.0,67,2,3,7,77,2.0003698,0.27679285,2,-1.8605475246791523,0.9143517121069346,3
71,36634.0,335,5,5,7,0,0.84092176,0.8785918,2,-0.667494885083742,-1.90620092977656,4
71,62670.0,825,5,13,3,57,0.17209941,-1.0245937,0,2.1143335374373127,0.2450244829320255,2
53,50334.0,694,7,6,6,24,-0.95857215,0.06404425,5,0.28465288403150824,-1.225752157450864,4
44,72066.0,1792,4,6,2,55,-1.7317278,-5.23642,4,1.8252866273668922,0.7801711482367951,2
67,50729.0,496,6,7,6,62,0.45779768,-0.18299963,0,0.3323949540292229,-0.05702482331651705,1
57,34916.0,231,5,3,9,89,1.4038182,0.033442438,2,-1.528638886635238,0.5204430378312833,3
49,64892.0,902,6,12,4,77,0.24738702,-1.3144331,0,1.7946183831918576,0.6794057762453571,2
59,43602.0,68,3,2,6,45,1.3202838,0.34475803,2,-1.3913322398279993,-0.013870702410083117,5
36,33996.0,71,1,3,4,46,2.0725288,0.64047664,2,-1.7145025941809287,0.6203610941664262,3
40,41473.0,76,2,3,7,80,2.122132,0.32033613,2,-1.8006511283306306,1.0546367518969593,3
58,63246.0,772,6,12,4,60,0.10595927,-0.6950038,0,1.7557957163116318,0.13613293218689243,2
66,36732.0,47,1,4,2,71,1.0648518,-1.0696418,0,-0.8380403884393384,1.5000795275114038,3
55,69084.0,1586,7,13,8,43,-3.9685702,-0.36898902,5,2.185689452395643,-1.0819414800167058,0
58,77766.0,1529,11,11,6,97,-0.049508065,-0.31228843,0,2.932494262691662,0.322060635025756,2
40,37929.0,265,4,5,7,49,1.7305908,0.49609223,2,-1.197011342410072,-0.190024196952628,5
74,86610.0,1603,5,6,2,66,0.090985924,-1.5270762,0,2.5204965953043037,0.8904592663972085,2
39,80141.0,2091,7,10,6,20,-7.1404414,-3.3647664,1,2.5331708972438647,-1.287364549509238,0
70,72635.0,981,6,6,3,54,0.258096,-0.9850175,0,1.5987246024277284,0.2310087447251902,2
55,69016.0,1533,8,13,5,61,-1.9707313,-0.5716479,5,2.7309841661719636,-0.25026783394715735,0
34,20193.0,82,1,4,4,18,2.2826252,0.87977403,2,-1.9226554345995448,-0.2674396183043034,5
50,27573.0,244,5,4,8,45,1.5958804,0.43158686,2,-1.4992782079127904,-0.6457351817672465,5
46,15862.0,36,1,3,8,26,2.430162,0.7089255,2,-2.6594575611411457,-0.6603059894173766,5
49,49544.0,404,5,8,7,0,0.8473097,0.51994497,2,-0.1573306856261909,-1.8365039989658312,4
45,33228.0,71,2,3,7,28,2.006904,0.6534455,2,-1.953254766214509,-0.5240201425301558,5
47,70440.0,1572,5,7,3,49,-2.3496833,-4.2834606,3,1.7589624388864984,0.2816967084363869,2
54,38232.0,122,3,3,5,84,1.400236,-0.39421374,2,-1.2287196501313364,1.2548827730930368,3
70,22554.0,41,2,4,5,38,1.0444808,1.2265415,2,-1.4651805269294682,-0.11116300085285216,5
42,23536.0,10,0,3,3,53,2.071012,0.56059676,2,-1.9096274690758417,1.043663386921369,3
73,49413.0,304,4,5,5,88,0.8421701,-0.3244824,0,-0.16216196931478258,1.1428657097455739,1
56,42231.0,37,1,3,5,99,1.460758,-0.8903994,0,-1.4317126632154813,1.9725964025012708,3
45,78789.0,1754,4,5,2,12,-5.9280524,-5.44129,1,1.808208336574823,-0.43766064094635704,0
57,56534.0,815,10,7,8,35,-1.6158456,0.32713524,5,0.8078122136119921,-1.621766656076709,4
54,58350.0,1001,8,12,6,5,-4.0642233,-1.5084475,3,1.7141692294622708,-2.0442430977358232,0
36,81217.0,1157,3,11,1,77,0.60923356,-5.313913,4,2.1552996394260386,1.6612627967709062,2
74,49090.0,688,7,9,7,45,-0.6170691,-0.18805364,0,0.7955255810927322,-0.9253151292227734,4
38,61787.0,1319,8,6,5,71,-0.87534225,-3.1971636,4,1.1791326411967047,0.26531080040853594,1
40,18169.0,21,1,2,8,40,2.6400893,0.6711581,2,-2.8304079857161124,-0.18988115032856448,5
44,24336.0,31,1,2,7,82,2.3979714,0.31837645,2,-2.4605749125673992,1.193948355932547,3
35,18222.0,67,2,3,8,70,2.6968448,0.48204744,2,-2.573500779006672,0.5529760904058839,3
73,62335.0,708,3,13,2,87,0.262064,-1.3500189,0,1.939994285414654,1.5338943768691895,2
54,42033.0,25,1,2,7,95,1.7557458,-0.09336342,2,-1.9190281234846118,1.5957042954387348,3
42,86580.0,746,4,5,1,72,0.76516414,-4.1654186,4,1.2913781046780337,1.5231925486202031,2
68,41437.0,32,1,3,7,5,1.3736857,1.256175,2,-1.6391981094658623,-1.1352317390238609,5
74,73705.0,1695,9,8,5,86,0.020422578,-0.52180386,0,2.6411725591167143,0.401790450228151,2
49,61064.0,1080,8,11,6,80,0.13641766,-0.42000937,0,1.6635770780327426,0.21326703559733667,2
70,38452.0,72,3,3,7,62,0.8606783,0.9284719,2,-1.3752344139460886,0.247711218062836,3
36,18358.0,57,3,4,7,49,2.4108422,0.58486485,2,-2.150457997841353,-0.08110685852677417,5
52,55012.0,660,8,9,5,85,0.35665777,-0.2628793,0,1.080947763463057,0.5246302113787087,1
52,9722.0,103,3,3,8,7,1.9888456,1.4530121,2,-2.4224423141385163,-1.5382616458701406,5
41,38175.0,153,3,4,7,6,1.908205,0.8083543,2,-1.556187145103862,-1.2951206649236442,5
69,58656.0,1220,7,13,6,25,-2.7430828,-0.73753214,5,2.1116294732379215,-1.4135919819159677,0
60,52117.0,279,5,4,7,55,0.696309,0.6204076,2,-0.6115836661766025,-0.16172929025248947,1
47,64813.0,745,7,10,5,81,0.34966484,-0.5759828,0,1.331260667385142,0.5746263255506378,2
52,54222.0,264,3,5,3,98,1.0556046,-1.9224349,0,-0.1671821411460704,1.9742794794169378,1
39,83512.0,2157,4,10,1,31,-5.753874,-7.6296363,1,3.046023267715752,0.18318000516727087,2
66,77520.0,1526,8,7,4,30,-2.0852425,-1.2800752,5,2.3533273204196963,-0.8857491730566259,0
47,41154.0,69,1,4,5,98,1.7357302,-0.8683125,0,-1.4020956035888206,1.9542363453358411,3
59,80398.0,1597,5,12,3,92,0.114340246,-2.1123474,0,2.889329131948244,1.4051996486283505,2
33,18746.0,64,3,3,6,41,2.41,0.678769,2,-2.165848196604707,-0.1310398732011947,5
41,35196.0,497,6,5,8,68,1.4011115,0.29576427,2,-0.9455376792574314,-0.06578902267446148,5
69,60230.0,1067,6,6,5,78,0.28167662,-0.53975564,0,1.069282499682891,0.6021596903062428,1
48,22108.0,31,2,3,7,46,2.1292343,0.50439197,2,-2.2042538076848492,-0.048494690628870664,5
51,44392.0,211,4,4,7,71,1.4678092,0.21287973,2,-1.0859461193685642,0.4558783125329293,3
49,55424.0,877,7,9,6,6,-3.4539084,-1.5401874,3,0.9256262281942187,-1.7935150915046063,4
46,17688.0,11,1,2,8,82,2.5466707,0.30641735,2,-2.7604975174411073,1.0152751636467345,3
42,92491.0,2034,7,12,3,71,-1.2747376,-4.999397,4,3.5716729611663482,0.6315716897817107,2
34,90273.0,1991,5,7,2,32,-5.6675463,-7.843832,1,2.555394920133427,0.05277919617931638,2
63,82571.0,1686,6,13,2,28,-3.1082559,-2.6087599,3,3.465637119655417,-0.4984603362141994,0
43,38513.0,324,6,5,8,20,1.2659514,0.5718895,2,-1.0016024756979849,-1.4699926547180913,4
46,16653.0,69,2,3,6,10,2.0862107,0.79712564,2,-2.186216021710324,-0.9708742121866761,5
70,42586.0,252,4,6,8,7,0.82490087,1.0078963,2,-0.7449491715081961,-1.7088636401500124,4
60,23529.0,54,1,2,6,67,1.7983675,0.26232818,2,-2.112153191204509,0.8258539065724404,3
64,74881.0,964,9,12,5,48,-1.751745,-0.57934684,5,2.49318479334507,-0.7547601482049825,0
74,71107.0,1327,7,13,4,61,0.041102782,-0.8541448,0,2.872305091811103,-0.04269157477319966,0
61,46910.0,68,2,3,6,36,1.1576546,0.8545935,2,-1.2777762522239713,-0.16404617198760812,5
66,18690.0,60,1,2,8,77,1.8523822,0.11685347,2,-2.4464367172094343,0.78339009557598,3
70,37244.0,55,1,2,7,90,1.332755,-0.09968096,2,-1.8072670124935393,1.3607091750627611,3
59,82427.0,1456,3,12,1,35,-2.216409,-3.5280817,3,2.8486257105462798,0.3032199400278345,2
67,75342.0,563,5,10,4,38,-0.5857314,-0.996386,0,1.5607582635396098,-0.3192118157648963,0
71,70044.0,1504,7,5,5,46,0.1749694,-0.63202804,0,1.6628884757072473,-0.42671994682440473,0
58,79146.0,564,8,8,6,33,-2.325658,-0.49752408,5,1.333281179006221,-1.0618525953526823,0
62,77437.0,1125,4,13,1,70,0.15418792,-1.9234016,0,2.777056886725849,1.1437483927455383,2
66,54984.0,358,6,6,7,51,0.47328216,0.35294813,0,0.007880009453514254,-0.4802545030855639,4
54,42403.0,42,1,3,8,18,1.727183,1.1902821,2,-1.9320666143689749,-0.8344817068172609,5
61,55761.0,184,4,3,6,97,1.1172282,-0.18315642,2,-0.6962332360977875,1.3871121337703467,3
42,37292.0,460,6,5,8,32,1.1937834,0.53032815,2,-0.9263028121394276,-1.119229124815574,4
80,45576.0,145,3,3,8,9,0.83660114,1.2861525,2,-1.1912001743582719,-1.4736603937503003,5
78,70321.0,1376,6,13,4,6,-2.8363307,-1.5118325,5,2.7978855902931605,-1.5433433983859945,0
56,58086.0,792,11,7,8,80,-0.048491478,-0.11818585,0,0.9561779127825961,-0.42548750178382616,0
73,81795.0,1382,4,7,2,74,0.15741111,-1.5580281,0,2.2279022104413206,1.2258259533555769,2
78,28389.0,28,1,2,7,49,0.9252877,1.634847,2,-1.9510244551357916,0.08986595045136415,5
79,66835.0,1033,6,13,2,21,-0.71663463,-1.395852,0,2.753692627421866,-0.8238932827284069,0
56,69901.0,882,7,10,5,95,0.3254202,-0.44087854,0,1.6822892557020415,0.9628678247883203,2
76,80360.0,2231,4,5,2,56,0.059561238,-1.7473238,0,2.6447518491014117,0.7178468434481334,2
64,63342.0,1101,8,5,6,48,-0.45665774,-0.41841096,0,1.0604917285761093,-0.6380913094965318,0
51,44989.0,369,5,5,6,26,1.0178884,0.5064984,2,-0.5335618163775055,-0.8787710349857657,4
45,31859.0,48,1,3,7,3,2.0833898,1.0546608,2,-2.1412976427773986,-1.127450226017222,5
76,51569.0,467,7,7,8,39,0.2335698,0.4674911,0,0.25790343306608,-1.1960298185770672,4
54,30372.0,44,2,3,7,33,1.8032432,0.5241832,2,-1.9279205966058526,-0.42689045533837017,5
46,16014.0,38,1,4,3,42,1.9094731,0.58065164,2,-1.746330938257275,0.5157986989047794,3
57,41120.0,81,2,3,6,80,1.4753724,-0.030099269,2,-1.438860036299329,1.1244228961498393,3
54,39763.0,167,5,2,9,9,1.4690669,1.0787994,2,-1.6740598734824315,-1.7726592271431605,5
70,38725.0,45,1,4,4,52,1.1213498,0.14233494,2,-1.053049460078809,0.6397352540094504,3
53,77981.0,664,7,7,5,78,0.3853156,-0.4269291,0,1.2224565706914672,0.5818570582628235,2
61,62905.0,622,7,8,4,68,0.28263652,-0.5398791,0,1.2243866006291588,0.32055373450419805,1
46,13533.0,48,2,3,7,45,2.3034983,0.54923725,2,-2.4174258111830045,-0.10027150643445536,5
50,59481.0,461,3,8,2,47,0.67275035,-1.9297825,0,0.6556007616857427,0.5752274180980023,1
48,72117.0,1073,9,9,5,34,-4.0393095,-1.1337403,3,1.8864154991351891,-1.0334228167598962,0
39,21955.0,55,2,3,6,81,2.344786,0.35029694,2,-2.137397970526925,1.1640513184762018,3
69,67131.0,976,9,12,6,72,0.0282439,-0.30296138,0,2.2395834257452973,-0.24631360154339732,0
45,36802.0,20,1,3,5,23,1.8514594,0.6997082,2,-1.737283541465698,-0.22992312202543763,5
43,71853.0,1149,2,6,1,29,-3.8791265,-5.5584097,1,1.1618822364205053,0.44449313715935007,1
64,28249.0,43,2,3,6,80,1.3840287,-0.07155605,2,-1.685096644400968,1.0474390611906772,3
50,47808.0,224,3,3,7,30,1.4947025,0.5610188,2,-1.2915372953131865,-0.5716547607871314,5
51,25509.0,101,3,3,9,15,1.8610349,1.349011,2,-2.2146735706844085,-1.3878369164913886,5
79,51012.0,209,4,4,6,86,0.86643875,-0.104726546,0,-0.4225046620222842,0.9429424660087776,1
40,70596.0,968,3,12,2,68,-0.06979245,-4.219947,4,1.7861436427251556,1.1727030472532933,2
73,85431.0,1165,2,7,0,54,0.32089856,-1.7901601,0,2.1744462857140303,1.2169497502452673,2
58,42664.0,24,1,3,6,44,1.5183185,0.40590194,2,-1.5776102291288931,0.20453460211127833,3
70,42586.0,252,4,6,8,7,0.82490087,1.0078963,2,-0.7449491715081961,-1.7088636401500124,4
40,29760.0,165,3,4,8,87,2.241951,0.2578163,2,-1.8818694868002825,0.9110159974519654,3
48,28973.0,269,5,5,8,59,1.5853877,0.33508277,2,-1.324110875949228,-0.2454607860740807,5
52,39435.0,102,3,2,7,16,1.6449242,0.9052751,2,-1.7110754880089483,-0.9960406458215013,5
41,65370.0,461,2,13,1,1,-5.9578347,-4.786573,1,1.3993035686479787,-0.5550684715892609,0
46,20194.0,47,2,3,6,64,2.1378515,0.4005292,2,-2.1030779223118428,0.6277641099012373,3
49,42473.0,144,2,4,5,72,1.5930948,0.032054327,2,-1.1640552586484654,1.0505881528393193,3
57,64590.0,1338,9,10,6,98,0.15459928,-0.20667176,0,2.0532181805191487,0.6053839012773878,2
66,71232.0,917,11,10,7,91,0.0025292933,-0.15396886,0,2.0765808505922965,-0.02757569964347842,0
54,34600.0,318,5,5,8,8,1.2288669,0.7366539,2,-1.0927103409829793,-1.7495870305280186,4
58,46904.0,253,5,4,8,20,1.0029929,0.861711,2,-0.944720550072639,-1.3451977849524503,4
52,49094.0,502,6,6,6,6,0.7198014,0.50396997,2,-0.05051560808755048,-1.6168168236372154,4
42,36075.0,119,2,4,6,54,1.9398652,0.49415848,2,-1.581462902864608,0.3840137339984493,3
46,60839.0,1250,2,12,8,72,-0.94000924,-1.4295412,5,0.8257830545183549,0.4842575641172132,1
46,77298.0,969,6,11,3,46,-3.0992997,-3.4987304,3,2.1039818789274016,-0.003066255007467591,0
75,34026.0,76,2,3,5,11,1.0143093,1.0980208,2,-1.25442239136964,-0.8604817848182245,5
62,48918.0,62,1,4,4,21,1.130188,0.54714894,2,-0.9101430132144219,-0.19855689790140865,5
63,82122.0,1382,3,13,1,89,0.18636495,-2.4132705,4,2.9905513432556576,1.846526114804344,2
49,37697.0,84,2,3,6,82,1.7759056,0.0345564,2,-1.616879992853521,1.205978814525148,3
73,34074.0,255,3,3,6,69,1.0766774,-0.014266221,2,-1.1345457817969549,0.5681018640140685,3
65,28520.0,43,1,2,6,55,1.5623819,0.2861531,2,-1.944943226517705,0.46966057455151233,3
70,62535.0,398,3,8,3,13,0.29185134,-0.68818486,0,0.763418076300201,-0.6454796413017555,4
48,36273.0,76,3,3,6,80,1.7378442,0.10302207,2,-1.541816050101173,1.0112820531252946,3
61,63404.0,902,6,4,4,97,0.44384253,-1.3183806,0,0.7811493596821888,1.4035058702841767,1
44,75774.0,823,7,8,4,27,-4.442139,-2.8911068,3,1.4660381740889823,-0.7641478365521832,0
49,78416.0,1179,7,10,3,99,0.29852045,-2.2327783,4,2.346021916193923,1.4306090590265113,2
51,75702.0,1921,10,13,6,87,-0.6878722,-1.0129546,0,3.272667883175604,0.13381763130733315,2
74,59385.0,185,3,4,5,85,0.89603496,-0.43872318,0,-0.2849359393475769,1.247542488598138,1
59,37070.0,433,5,8,7,30,0.5989943,0.54158515,2,-0.2909955038382629,-1.0451740594536683,4
74,44689.0,34,1,2,7,82,1.256227,-0.080170654,2,-1.6018413482463734,1.1353682155756368,3
67,53977.0,907,5,12,5,21,-2.055422,-1.1777655,5,1.4691228772854859,-1.094480233389709,0
59,7144.0,416,23,1,0,92,-0.21715683,-0.28027323,0,1.3941109237648648,-0.5755645967118835,0
61,18701.0,44,2,4,5,95,1.3707817,-0.41272515,2,-1.6475236057862472,1.5881755942236042,3
69,90369.0,1588,4,6,1,2,-3.830295,-4.0281553,3,2.535911891425621,-0.6715731990215252,0
51,63159.0,1797,3,8,3,74,0.38581738,-3.4630003,4,1.7177403613802786,1.2154254979966008,2
59,37758.0,40,1,3,8,49,1.7307017,0.38125777,2,-1.9697580250206215,0.036933675400274826,5
62,46757.0,1143,4,7,9,71,0.33601728,-0.040693864,0,0.0015194412968403735,0.03994558454208112,1
56,79734.0,914,4,6,1,72,0.53580606,-2.5500531,4,1.5875189940775893,1.4103928089137343,2
33,63207.0,1502,2,6,7,68,-1.4169934,-4.7484856,4,0.22530546606374022,0.7221185497751716,1
71,72071.0,1338,5,8,2,4,-2.8067317,-2.5965047,3,2.1845930989063884,-1.0151163910179075,0
42,21840.0,27,1,3,9,80,2.6594584,0.34806404,2,-2.710643340713561,0.8185935462761555,3
43,58582.0,763,9,9,5,15,-4.0931582,-1.5877368,3,1.2420602062522035,-1.6146690741115617,0
74,72282.0,1331,5,9,7,70,0.14893642,-0.5531042,0,1.625021878237332,0.15586853933484024,2
69,50387.0,525,6,8,5,91,0.44022143,-0.374332,0,0.6773239252387688,0.9057427683961723,1
64,32583.0,9,1,2,7,10,1.5674211,1.3785481,2,-2.0572175589497674,-0.9781782864225337,5
63,62568.0,953,5,5,4,99,0.4300953,-1.4056624,0,0.8431036428951604,1.5607306218789616,1
54,44635.0,68,2,3,7,25,1.5240387,0.93275285,2,-1.575140668941472,-0.610452808367998,5
54,33316.0,131,2,4,6,34,1.5853066,0.51860094,2,-1.4921707286288164,-0.2662366411757202,5
57,63967.0,882,4,12,2,57,0.27933505,-1.7132059,0,1.8975872738442212,0.6164923860414242,2
47,52513.0,1149,9,9,7,84,0.19025868,-0.13222522,0,1.188000480544785,0.07521475583898754,1
56,25293.0,37,1,2,8,51,2.0746095,0.41628277,2,-2.444601915927885,0.08819454998400315,5
60,54111.0,388,5,6,5,97,0.80038667,-0.42019486,0,0.12784454690148164,1.3207349348164077,1
39,78394.0,1428,4,5,2,13,-5.766918,-6.4988084,1,1.4538680722534512,-0.37951648892879625,0
67,80739.0,1633,3,9,1,92,0.22007652,-2.4615226,4,2.6490950541980505,2.0066363365867974,2
50,22669.0,173,4,2,9,30,1.7546602,1.3320585,2,-2.2430238375795217,-1.065033027629224,5
38,29236.0,99,4,3,9,30,2.2116866,0.65760344,2,-2.1587219252267307,-1.0119226540176551,5
66,44911.0,215,4,4,7,11,1.0487851,0.8393939,2,-0.90177638718392,-1.3701331085246544,4
63,54693.0,929,6,13,6,72,0.061946183,-0.47099656,0,1.5892460573420044,0.11722398483692742,2
51,48186.0,219,4,4,7,39,1.2828315,0.43956244,2,-1.0007468107610833,-0.47008150527818826,5
48,54809.0,174,2,5,4,0,1.3568876,0.6912466,2,-0.5914866253282816,-0.8931598797498793,4
47,41580.0,92,2,3,5,15,1.5903379,0.712698,2,-1.4143299752082583,-0.5924960345425196,5
55,80336.0,1052,2,13,1,12,-4.948156,-4.002161,1,2.420517233524276,-0.24645335749905709,0
68,47743.0,275,4,6,6,56,0.94116104,0.16438276,2,-0.3091466963063828,0.04917075058721463,1
70,62972.0,587,7,3,6,39,0.50120866,0.1776957,0,0.28623892142603496,-0.7400880314485637,4
71,57333.0,1662,8,9,6,55,-0.07067904,-0.49370316,0,2.0420189552048487,-0.5891942243755204,0
43,32313.0,159,4,4,9,60,2.0121107,0.39319804,2,-1.821719818862649,-0.16703231941549584,5
72,84953.0,1024,3,4,2,73,0.3840195,-1.5094974,0,1.4384187846722292,1.4249264758797968,2
57,27071.0,35,2,3,6,90,1.6001974,-0.11037823,2,-1.8041512279891598,1.367738990200007,3
68,68148.0,1042,4,6,2,86,0.36097887,-1.5956075,0,1.4244182214594294,1.5791454537886729,2
60,65735.0,395,6,6,7,37,0.3599757,0.29328287,0,0.21131150677102495,-0.8264111370411301,4
50,86836.0,557,6,6,5,7,-4.0716515,-2.9512603,3,1.010303143338733,-1.2966640940341818,4
62,4023.0,9,0,0,19,29,2.3706064,3.7704473,2,-4.985746538032464,-2.083139721764341,5
35,30093.0,69,2,3,7,19,2.3672562,0.831875,2,-2.1574716658983153,-0.7555373827853401,5
59,57705.0,486,8,6,6,14,-1.1492434,0.026091669,5,0.48644453829170603,-1.6520535054342884,4
37,25008.0,34,1,3,8,72,2.6433997,0.45801312,2,-2.543772397147084,0.7631444214772523,3
30,83257.0,1365,5,12,6,56,-4.461937,-5.0086675,1,1.931366173366917,0.0508735972236121,0
50,22280.0,13,1,2,8,85,2.3659284,0.23597325,2,-2.5994806822644962,1.102330191470388,3
47,72159.0,1401,4,10,2,62,-0.32664618,-3.9467163,4,2.111877902063113,0.879790141462711,2
64,64260.0,1574,4,4,3,1,-3.5892048,-3.4997532,3,1.2585548879626782,-1.0165115868386643,0
41,82733.0,1323,8,7,4,28,-5.3309298,-3.4699287,3,1.9927578650294293,-0.8130955852047438,0
54,74290.0,1217,10,10,6,70,-1.1751713,-0.18203089,5,2.262609201287922,-0.30235960174991106,0
74,58217.0,103,2,4,6,84,1.0991693,-0.049963642,2,-0.661187514912487,1.2041862438975999,3
49,21024.0,84,2,4,7,89,2.063872,0.058087673,2,-2.0169225618432836,1.180756591944508,3
53,70116.0,1536,2,12,1,73,0.36069423,-3.593311,4,2.4339838916155587,1.5352726704813953,2
40,54006.0,581,8,7,7,42,-1.7484863,-0.11125713,5,0.23831669159848914,-0.9310888342820083,4
59,69063.0,928,5,5,3,16,-2.8514297,-2.745159,3,1.049283876895357,-0.6888954423415298,0
50,11448.0,14,1,2,6,16,2.2000613,0.7454391,2,-2.5723448333752907,-0.6708181373500309,5
46,61825.0,424,4,8,4,56,0.6239864,-1.7620713,0,0.4570302982221479,0.43864040411833777,1
54,70886.0,960,5,4,2,65,0.55272895,-2.3404331,4,1.0822375212352646,0.9485454146115567,1
43,69109.0,1555,6,7,4,10,-5.9807987,-4.264969,1,1.6265571952789806,-1.1317822209971649,0
52,60208.0,656,8,7,7,13,-2.092166,0.08126365,5,0.5875976130242511,-1.8139018793624255,4
57,32889.0,55,2,3,5,78,1.4815133,-0.12975606,2,-1.5026069861343465,1.1822465545806582,3
41,34738.0,20,1,3,6,51,2.1499443,0.54562116,2,-1.9789170216446974,0.45634767374355617,3
54,30538.0,367,9,4,10,27,0.68220484,1.0084246,2,-1.073837032008581,-2.0159176927344045,4
48,82326.0,2257,5,6,2,30,-5.0255814,-5.680572,1,2.622076911748888,-0.07508436117506764,0
58,26642.0,42,2,3,6,71,1.6758544,0.15797567,2,-1.8022171025508666,0.8038132972584404,3
61,69932.0,1049,7,11,4,97,0.25483486,-0.6455103,0,2.1789667374178068,1.1193839939490722,2
53,44503.0,48,2,3,6,83,1.575473,-0.03710191,2,-1.4359011910160375,1.2427606191344973,3
77,60200.0,685,6,11,6,3,-1.4000466,-0.62410736,5,1.3858390288678109,-1.8989438778926633,0
73,49638.0,39,1,3,2,71,0.9026023,-1.0328101,0,-0.5949653773183257,1.5404191798374673,3
38,23830.0,43,1,3,7,3,2.416157,0.9420408,2,-2.42240047845176,-1.1256012264709183,5
66,33051.0,835,9,8,9,15,-0.52270937,0.5081845,0,0.2398571648959915,-2.3689904479150914,4
67,72905.0,1515,3,9,1,52,0.20225981,-1.9136434,0,2.353717520987059,0.8051559347075044,2
74,69702.0,1039,7,10,4,8,-2.320642,-1.3474648,5,2.1570647753074375,-1.5274828645952634,0
50,70300.0,1596,5,13,8,89,-0.030390799,-0.66563964,0,1.9181710079078447,0.5656827927559634,2
41,70643.0,1828,5,4,6,66,-1.6164075,-4.375612,4,1.0235334465943091,0.44013736439155865,1
56,30396.0,34,1,2,7,22,1.7035588,1.282891,2,-2.184601686670187,-0.5987800614361016,5
57,50616.0,149,4,4,7,56,1.1542544,0.24782573,2,-0.9203730647820079,0.012243129483435592,5
56,62772.0,946,5,11,2,74,0.29901275,-1.9115567,0,1.9019855297835186,1.0040665099023331,2
40,30298.0,28,1,3,3,48,1.9292073,0.58163136,2,-1.6340174381240669,0.7946084874078942,3
41,52413.0,450,7,7,7,67,0.6628887,0.1518435,0,-0.015130275338497631,-0.07036654774958598,1
68,44155.0,46,1,2,4,24,0.9996375,0.7694899,2,-1.2429992739668272,-0.10518142317897286,5
54,86979.0,1702,5,5,2,67,0.32546943,-3.5863614,4,2.2178783785105787,1.0325333498705105,2
50,76532.0,820,9,7,5,38,-3.0151412,-0.8548746,5,1.5232983709605186,-0.8571035628747933,0
43,42081.0,382,6,4,6,86,1.313521,-0.06271874,2,-0.6853825919702561,0.7966237281441757,1
37,67546.0,2126,4,5,3,90,0.57311964,-5.61518,4,1.6249845971260943,1.696836336318536,2
36,88420.0,2069,4,8,1,87,0.48567128,-6.573122,4,2.7855879338515277,1.9082523964134375,2
40,31158.0,72,2,3,8,62,2.3448942,0.46687365,2,-2.204776492464651,0.34279839574128806,3
57,61671.0,732,10,6,8,23,-1.8489938,0.2756349,5,0.713938029546871,-1.9301761207997261,4
51,69719.0,801,2,5,1,99,0.9221723,-3.312872,4,0.8055618996312012,2.485301524843618,2
76,49160.0,236,3,6,6,29,0.96016824,0.56446064,2,-0.34492011619163204,-0.6379700104850322,4
47,24882.0,80,1,2,6,52,2.1252055,0.5079221,2,-2.2273362088543025,0.44729918704320376,3
71,90933.0,1685,4,4,1,90,0.26179442,-2.27353,4,2.4000236895311415,1.953202814834824,2
80,113734.0,277,27,0,1,9,-2.98722,0.321436,5,4.242971925961187,-3.3807661572488588,0
75,59292.0,507,3,8,3,71,0.48051572,-0.974284,0,0.8596327843547001,1.0225099610941613,1
61,45759.0,68,2,3,7,13,1.4029466,1.0041416,2,-1.4646481507922993,-0.9895804036546338,5
42,22148.0,49,1,3,7,16,2.331824,0.8129048,2,-2.4023469981060765,-0.7676726159948309,5
38,73395.0,397,4,6,2,94,0.99454963,-3.4121232,4,0.639148374158696,1.9726926695940648,1
54,29819.0,39,3,3,6,77,1.6465298,0.068863995,2,-1.6498260811870602,0.8738277011619233,3
57,45688.0,306,3,8,4,20,0.9534143,0.5436075,2,-0.02243117943185682,-0.5885917501319781,4
71,62820.0,976,3,6,1,51,0.3866641,-1.3587404,0,1.2941315472925743,0.801076043102873,2
54,60491.0,1028,6,7,5,81,0.35638845,-0.9133156,0,0.997457377886582,0.7333522147360566,1
39,33235.0,70,3,3,7,71,2.1729448,0.37993544,2,-1.8865906404224817,0.6297217321764206,3
66,35701.0,46,1,3,6,36,1.196373,1.1854855,2,-1.625259914137048,-0.09106950857777192,5
45,31535.0,51,1,2,7,95,2.212642,0.0031532715,2,-2.257714966115569,1.5970731280075507,3
65,92556.0,1263,3,13,0,32,-1.2844882,-3.2980852,4,3.2957455982691877,0.3492246900202867,2
55,67384.0,1490,7,5,5,32,-2.7618685,-2.3341923,3,1.3827657852804183,-0.7767518010814831,0
54,80573.0,1564,4,13,2,85,0.1572693,-3.192068,4,2.9665698806655105,1.4796731862484096,2
58,77870.0,1815,5,5,8,93,0.26433408,-0.5131602,0,1.2434737931996986,0.8678560843992653,2
62,52278.0,1198,10,10,8,24,-2.5316317,-0.0070708287,5,1.5100297090278028,-2.0597870927647035,0
57,57107.0,416,4,8,8,44,0.39761293,0.33713144,0,-0.13466496112947912,-0.5632970068587018,4
35,18929.0,85,1,4,6,15,2.4422696,0.8965364,2,-2.2425492215590865,-0.6566098052635877,5
44,36038.0,47,3,3,6,82,1.8716527,0.15864472,2,-1.6210044378921884,1.0871183855375668,3
49,20180.0,137,2,4,7,27,2.0112622,0.6448896,2,-2.013611938844179,-0.6433797666959031,5
60,34230.0,21,1,2,7,72,1.7609271,0.18989816,2,-2.0381372450190214,0.8657383928459351,3
48,31878.0,70,1,4,3,7,1.5467614,0.7863382,2,-1.3331199094001465,-0.4636606411279767,5
53,70932.0,909,6,12,3,57,-0.69258475,-1.8479866,0,2.1382678113290976,0.24234144906691674,2
69,91249.0,1676,7,6,4,84,0.05931638,-1.0681843,0,2.5858614583682047,0.8942549787760659,2
82,77598.0,1735,7,13,3,53,0.0100566745,-1.140464,0,3.6128910001103915,-0.14804063058006278,0
66,80982.0,1191,11,11,5,48,-1.9061811,-0.4225556,5,2.9646947776491883,-0.9903678877876749,0
48,22701.0,24,1,3,5,2,1.9125122,0.9541989,2,-2.0350195844966357,-0.9108279618537316,5
56,55212.0,1182,4,11,8,65,-1.1490524,-0.42955026,5,0.8754126077466438,-0.031167936921613865,1
55,70617.0,1280,3,7,2,45,-1.3860614,-3.205222,4,1.5159003852989272,0.5496826563940429,2
68,64849.0,1336,9,6,5,42,-0.6971042,-0.4362891,0,1.7613829666803928,-0.8428311299936018,0
60,62694.0,749,9,7,7,29,-1.6793841,-0.09173458,5,0.9575048135555689,-1.5067539573751523,4
51,61917.0,91,2,4,5,83,1.1764538,-1.2104598,0,-0.721620474236787,1.4357378967792587,3
78,67472.0,414,4,7,3,93,0.51100487,-0.9728636,0,1.0066106615418575,1.5750119760884511,2
43,21059.0,44,3,3,6,40,2.088228,0.5743023,2,-2.002526467458827,-0.19586676854936155,5
57,29543.0,63,3,2,7,47,1.6854006,0.37623358,2,-1.9028524848278585,-0.1431848978859793,5
74,75903.0,901,6,9,3,50,0.23821533,-0.9664728,0,2.0843964426416095,0.03551583381746766,0
50,34984.0,38,1,3,7,40,1.9551356,0.5345214,2,-2.0007943055641566,-0.05165002906981838,5
69,54998.0,455,4,9,4,3,0.064020395,0.02981766,0,0.7357012146744978,-1.2683724343427356,4
76,54356.0,775,11,8,8,62,-0.079505354,-0.092480876,0,1.2419290280634554,-1.079833778026866,0
66,34242.0,15,0,3,5,25,1.2566376,1.1341366,2,-1.6652593110081715,-0.1376253250129564,5
52,25410.0,38,1,4,4,48,1.7078611,0.461157,2,-1.5998873338847317,0.553501659493576,3
41,73356.0,1512,5,5,2,56,-1.7465036,-5.20819,4,1.5728414662652461,0.7197324471706397,2
75,28320.0,43,1,3,8,68,1.0788555,0.9886494,2,-1.9817159168486809,0.49012491571404304,3
48,23763.0,42,1,3,7,64,2.2168958,0.40224436,2,-2.278633356373363,0.6212083490750687,3
41,72570.0,1089,4,12,1,67,0.028824478,-4.4554977,4,2.2255593501214355,1.1553934140625504,2
49,34529.0,162,2,3,7,94,1.8486605,-0.010794338,2,-1.7749376824030882,1.3999272253487882,3
74,70792.0,1272,3,10,3,82,0.17082758,-1.388162,0,2.038689920230337,1.3338895165896647,2
43,63211.0,1173,3,7,2,3,-5.8706517,-5.105505,1,1.088079533687016,-0.6562216681913633,0
51,83891.0,816,4,10,1,24,-4.2078886,-3.799949,3,2.093303239737658,-0.05835051252894132,0
57,36065.0,74,3,3,8,54,1.5978765,0.31690046,2,-1.7480521732904908,-0.08459699708889035,5
71,39898.0,134,3,4,7,20,1.0011545,1.0886805,2,-1.1493207617775425,-1.0097903461735986,5
85,51141.0,157,3,4,5,96,0.8599036,-0.35621777,0,-0.3600363155697879,1.4925470062664372,1
49,56939.0,561,3,10,3,19,-2.7162228,-2.7199953,3,0.7885674988029777,-0.4476818524239787,4
74,80872.0,1336,4,10,1,60,0.12381467,-1.6155677,0,2.7541459357700995,0.8804029977902714,2
49,72335.0,2092,10,8,8,2,-6.1682,-1.7384752,3,2.267197133685577,-2.5374560591850503,0
61,61798.0,463,4,9,4,13,-1.338869,-1.2597592,5,0.8050217667688376,-0.9149804496529179,4
75,76842.0,1130,1,7,0,37,0.4311182,-1.7187616,0,1.8344261898570449,0.8136169741760215,2
49,29478.0,20,1,3,6,59,2.003722,0.41317758,2,-1.9993676855225992,0.6369592888138172,3
69,46998.0,377,5,5,7,55,0.6744409,0.53235567,2,-0.395661449022685,-0.2454365347868104,1
35,96843.0,1544,6,10,2,60,-2.6130192,-6.358264,1,2.9162980279310013,0.6909800258665111,2
75,56551.0,138,2,4,4,48,1.1102551,0.10708692,2,-0.366639617858081,0.42836689270179856,1
60,70053.0,1012,8,10,5,38,-2.336441,-0.4389774,5,1.9532111186789936,-0.8646874669853392,0
63,71670.0,1766,5,6,6,8,-3.3445725,-2.4794207,3,1.5377591671317836,-1.4041726425577057,0
47,44359.0,45,2,4,3,19,1.3576598,0.6262433,2,-0.9402948184726572,-0.1967680888134719,5
73,40887.0,161,3,3,9,32,0.9508337,1.4415195,2,-1.5207566485261346,-0.9306661610688445,5
59,48877.0,144,3,4,7,27,1.2174077,0.79422253,2,-1.078396161241626,-0.7189969701062282,5
78,74485.0,1734,6,12,3,58,0.0456305,-1.1582783,0,3.219722171528293,0.16485165315877806,2
53,64474.0,823,8,10,5,59,-1.1252055,-0.32476923,5,1.5844288355462706,-0.2352333215815043,0
62,77226.0,1138,6,12,3,29,-2.8118012,-1.814357,3,2.5798101575547117,-0.5993380730432044,0
76,72643.0,1429,3,7,2,60,0.20289406,-1.4711651,0,1.95610739740301,0.9031877460651948,2
47,85738.0,1371,3,11,1,41,-2.9565036,-5.1287813,1,2.5651938942867663,0.5696282919657149,2
59,55686.0,982,6,5,4,27,-1.9465547,-1.81917,5,0.7592618302378048,-0.6962937939043963,4
42,39062.0,44,1,3,4,28,1.8028915,0.69406664,2,-1.5481998579167011,0.08404325053861278,5
54,34600.0,318,5,5,8,8,1.2288669,0.7366539,2,-1.0927103409829793,-1.7495870305280186,4
50,40794.0,434,6,5,7,18,0.98899317,0.5340145,2,-0.6173676217012649,-1.4065481339118897,4
54,54690.0,198,3,5,3,76,0.9843861,-1.4691436,0,-0.1930048000097883,1.3219505476090978,1
56,4428.0,359,25,0,1,0,-1.3542999,-0.4593842,5,1.1773035596376065,-3.66513518260676,4
62,32632.0,576,4,8,5,32,0.7582093,0.40847957,2,-0.06283735675098769,-0.5899980333344093,4
57,38236.0,88,3,4,7,2,1.5465157,0.91779363,2,-1.4086335408466506,-1.4821032859952932,5
46,36781.0,63,2,2,8,16,1.9668854,1.0973285,2,-2.1618311790439546,-0.9894697960737487,5
41,31385.0,27,1,2,8,56,2.4432147,0.5255342,2,-2.4965679062862574,0.32326693840941423,3
41,24570.0,193,4,4,9,97,2.2702212,0.16465734,2,-1.9885472999728515,0.8997763041094292,3
51,25509.0,101,3,3,9,15,1.8610349,1.349011,2,-2.2146735706844085,-1.3878369164913886,5
74,94642.0,2211,5,9,1,35,-0.5700786,-3.148819,4,3.7806413903961014,0.0751220094195004,2
63,58646.0,140,2,4,4,3,1.0163038,0.6262517,2,-0.48167746903553565,-0.8325037267571214,4
50,53201.0,415,6,5,7,49,0.715726,0.30016714,2,-0.3308284752125764,-0.4511957574116407,4
68,21994.0,22,0,3,5,4,1.4790539,1.3466249,2,-1.9294932610534379,-0.8074526811499938,5
47,57113.0,263,4,5,7,45,1.139901,0.3985136,2,-0.6605836194886003,-0.26887443778348685,1
34,51373.0,393,3,3,4,37,1.6580459,-0.022298714,2,-0.8103483665670713,0.1534348547095592,1
39,23477.0,147,3,4,8,39,2.28383,0.6293291,2,-2.073213919683254,-0.5165012073699952,5
69,58116.0,443,3,8,2,38,0.6214305,-0.9304641,0,0.8445836263954623,0.2225088452809431,1
62,72968.0,1958,5,8,3,8,-4.2510724,-3.367142,3,2.455027437841976,-1.007967841355399,0
54,39791.0,174,3,4,7,89,1.4533951,0.04792282,2,-1.3095202602399825,1.0902778109813944,3
78,91712.0,2217,9,11,3,47,-0.09357545,-1.4080753,0,4.264561536322527,-0.48294651996801224,0
67,94472.0,1691,5,5,5,75,0.08560352,-1.2518162,0,2.094949244663235,0.7992880543928667,2
65,13672.0,25,1,3,8,86,1.8670064,-0.03541858,2,-2.4610397211661446,1.009914743142103,3
45,96547.0,809,7,8,2,4,-6.258848,-4.4505424,1,2.2523087861002153,-1.0764874791340409,0
50,79205.0,895,6,4,4,73,0.48453587,-2.2280757,0,1.0007317741129635,0.8045420854995529,1
50,56559.0,484,4,8,4,46,0.108005434,-1.3679049,0,0.42978355162487314,0.107639354183235,1
52,32644.0,413,7,6,8,38,0.75590944,0.70168144,2,-0.6763256714229001,-1.1631045987037278,4
45,67506.0,331,4,6,3,73,0.9149506,-2.1276126,0,0.3748805365543085,1.158654802266292,1
55,24206.0,25,1,3,6,66,1.9127774,0.30966666,2,-2.041453851697963,0.7969204488817226,3
58,28420.0,13,1,2,6,36,1.751769,0.49069244,2,-2.0665366363576654,-0.05739361602586725,5
55,22979.0,115,3,2,8,29,1.665145,1.329106,2,-2.1975185039743783,-0.8332838944097222,5
59,33279.0,16,0,3,3,29,1.3827662,0.5401473,2,-1.469593191790552,0.29924164030870654,3
53,46423.0,92,2,4,7,6,1.6382011,0.8322892,2,-1.3901169821138644,-1.1821286530784125,5
48,30368.0,52,2,3,8,97,2.0782378,0.030072179,2,-2.127595188884976,1.3326021643922645,3
55,63684.0,1464,8,8,5,61,-0.6892351,-0.49586833,0,1.838346997331714,-0.14681730283084016,0
61,41638.0,441,5,3,8,68,0.9989964,0.1409635,2,-1.0012079635881033,0.05413579279334495,3
66,68805.0,283,3,7,2,73,0.66512954,-1.1836678,0,0.795550099652892,1.3283343572172466,1
59,65814.0,747,8,10,5,90,0.25036716,-0.34764042,0,1.6388661746759425,0.6542899029610314,2
67,71964.0,1870,5,5,3,81,0.15845022,-1.7602369,0,2.019796029490827,1.1840078595813226,2
39,39146.0,165,4,4,8,1,1.8712895,0.8094077,2,-1.5739038385891573,-1.7110962190259211,5
48,96876.0,1941,7,9,2,79,0.08495942,-4.5410466,4,3.402068153613801,1.0761777857636585,2
44,34445.0,839,11,8,9,92,-0.20944628,-0.06997268,0,0.28182158249490935,-0.2767777421111383,1
67,68281.0,1655,2,13,5,31,-2.2507107,-1.6262071,5,2.1849950350179523,-0.3761825072851201,0
50,37284.0,23,0,3,6,46,1.9226619,0.51151115,2,-1.9334254652409537,0.4143728511900332,3
42,36790.0,66,2,2,9,14,2.1709747,1.1540151,2,-2.362228831286518,-1.1766040719345374,5
58,27943.0,37,2,3,8,89,1.7834728,0.0109095685,2,-2.0739486706346457,1.0450348712400546,3
74,22263.0,21,1,3,6,31,1.1394215,1.5194691,2,-1.8631648611669553,-0.3214742057159044,5
53,30261.0,22,0,3,8,75,2.1905093,0.286466,2,-2.356280941622448,0.935192103702139,3
47,28587.0,78,2,4,6,42,1.8990492,0.53322494,2,-1.7326986835872231,-0.01699116426290446,5
43,43815.0,79,2,3,6,53,1.8495128,0.4777575,2,-1.5622383463273606,0.4031062787305226,3
69,48195.0,265,4,5,6,53,0.98592544,0.28835157,2,-0.43722565784832484,-0.017182180961243184,1
73,77027.0,1175,8,6,4,23,-1.271497,-1.0564823,5,1.9948308387186158,-1.0954660613892844,0
60,71322.0,1305,8,13,4,57,-1.0329778,-0.8293278,5,2.8101407509279506,-0.2327340925229301,0
46,32765.0,46,2,4,5,49,1.7925963,0.47985026,2,-1.5190250831188812,0.35447546397381013,3
60,29672.0,25,0,3,6,6,1.6788168,1.2550278,2,-1.9984346940288271,-0.8317585595209759,5
72,23272.0,46,1,3,4,29,1.0296464,1.1596466,2,-1.5403384521363603,-0.07595614223693235,5
76,49912.0,874,10,7,8,5,-0.75898314,0.49964133,5,0.9298427018078335,-2.611010375495406,4
40,7500.0,100,2,3,9,98,2.8376818,0.24204674,2,-2.878305109762878,1.1678743110850087,3
78,68117.0,930,11,4,6,80,0.1849761,-0.14078829,0,1.46136946123081,-0.12249347319635179,0
70,67225.0,868,7,11,5,4,-2.8308337,-1.2556822,5,1.8954601510289104,-1.804714704927821,0
49,17649.0,45,3,3,8,70,2.1967766,0.3016764,2,-2.3006466707907895,0.35414653936942825,3
50,55914.0,1260,11,8,7,32,-3.3231182,-0.06252407,5,1.495153000083044,-1.700073195056627,0
41,40059.0,414,6,3,8,82,1.591447,0.19429378,2,-1.1791845915325598,0.41262194546381936,3
75,60905.0,392,3,7,2,27,0.73746645,-0.8275352,0,0.7977693016604986,-0.09184495376209781,1
48,75330.0,1109,10,12,6,94,0.052842066,-0.4018956,0,2.4142267185477193,0.38501167103549927,2
74,60689.0,639,4,10,3,23,-0.8661499,-1.1297911,5,1.3856359548882888,-0.5630474521917463,0
41,38680.0,79,2,3,7,97,2.1035793,-0.015705371,2,-1.845623086957869,1.5392490525705362,3
43,61416.0,1665,10,10,6,25,-5.617005,-1.465904,3,2.177213507250088,-1.6269660022157577,0
34,49767.0,692,5,8,4,92,0.8119379,-3.2363367,4,0.3847251050501289,1.3665125744377504,1
55,83273.0,1392,4,9,7,98,0.33145913,-0.6178287,0,1.5760301810838708,1.2361275648868884,2
44,29009.0,44,2,3,6,19,1.9926668,0.7292577,2,-1.9383524640348435,-0.6527966162910064,5
46,45057.0,50,2,3,5,80,1.726918,-0.26346263,2,-1.3581609344736785,1.3335351040137067,3
54,37150.0,467,4,6,7,80,1.0338715,0.091085665,2,-0.7196196664583754,0.6289722749821808,1
55,43020.0,223,4,4,6,79,1.2412754,0.072802976,2,-0.9031940655404767,0.8140810835731819,3
66,53154.0,158,3,4,4,50,0.9834436,0.12945616,2,-0.41411348145716165,0.3789088458179876,1
52,65308.0,1211,7,12,4,60,-1.0947435,-1.2009175,5,2.2207338339140503,0.029637690334552547,0
55,76467.0,1575,2,5,6,44,-2.1854296,-2.8491254,3,0.876552286251521,0.13803912679335473,1
78,81044.0,1208,5,10,1,0,-2.4687085,-2.1982164,3,2.8109307970565163,-1.0321823116410935,0
74,32871.0,43,1,3,4,28,0.91314065,1.0308462,2,-1.2921507450553675,-0.07936047712271627,5
50,55801.0,527,7,6,7,35,-0.20873657,0.27842706,0,0.08884636256758886,-1.0138638215482014,4
66,76320.0,932,6,4,2,49,0.33347666,-1.1250377,0,1.4609540010414996,0.3105380101304358,2
70,36927.0,71,3,3,8,46,0.95031667,1.3732628,2,-1.5693953448836482,-0.37362804704666774,5
72,48794.0,54,1,3,4,97,1.1409746,-0.66426504,0,-0.9105131750118349,2.012952939248729,3
60,23478.0,129,3,3,8,51,1.6011301,0.5049548,2,-1.9619291633118217,-0.23208979427720466,5
52,71128.0,1615,2,12,7,80,0.22830649,-1.554581,0,1.6003142523644753,0.871761726405528,2
49,70179.0,1034,7,13,5,10,-5.359024,-2.2323244,3,2.1242591261936528,-1.57601113499157,0
75,59462.0,1088,9,12,7,29,-2.210999,-0.63283706,5,2.0608779035684854,-1.7104184176895658,0
56,38361.0,137,3,3,7,74,1.5569562,0.15416807,2,-1.495662632093073,0.6606712782259797,3
43,70038.0,1244,4,8,2,54,-1.5679947,-4.5501614,4,1.5949768313920314,0.7054373060851233,2
47,42554.0,41,2,3,4,93,1.513112,-1.4099473,0,-1.2554735228217822,1.8479198352413944,3
51,67445.0,1174,9,12,6,63,-2.4488177,-0.19215527,5,2.181465747583929,-0.43241063981397354,0
74,67046.0,993,4,4,2,92,0.4188306,-1.4005203,0,1.1513791195194012,1.7742382336795022,2
77,42192.0,100,2,3,4,40,1.0063744,0.36724028,2,-0.8554670725740209,0.1575216622464614,1
73,77610.0,1680,4,4,7,70,0.22840108,-0.6162403,0,1.1882504018854394,0.4327838997235701,1
41,31761.0,98,3,4,5,96,1.8324572,-0.6649459,2,-1.4183521364474034,1.6169886031872966,3
46,34350.0,48,1,3,7,81,2.1486413,0.2850796,2,-2.044052862645777,1.1674249195863735,3
76,54591.0,519,6,8,5,63,0.3266408,-0.49094388,0,0.8499706327692464,0.06803196024990277,1
69,71866.0,715,6,10,3,85,0.24875897,-0.8925838,0,1.92622556282675,1.048386323370531,2
56,25293.0,37,1,2,8,51,2.0746095,0.41628277,2,-2.444601915927885,0.08819454998400315,5
38,42000.0,653,5,11,5,23,-2.403915,-1.0617132,5,0.47088718906211185,-0.9239777334123908,4
42,69520.0,1455,9,5,5,95,0.36949795,-2.2531698,4,1.5184363986487819,0.8678641089071765,2
55,64713.0,602,5,7,4,11,-2.7099895,-2.3889964,3,0.7569597326824505,-1.0248639501924035,4
48,27889.0,26,1,2,6,42,2.0594573,0.5552456,2,-2.1920563737412717,0.1607749244213881,5
65,22123.0,102,2,3,5,77,1.3104838,-0.12674634,2,-1.6166976408730447,1.0781278509714025,3
52,27803.0,176,3,4,8,40,1.767389,0.4970038,2,-1.7835553043511334,-0.5291054229437541,5
65,51651.0,433,6,5,8,32,0.38400495,0.81738675,2,-0.32149047352329324,-1.1683068413439033,4
37,68487.0,1366,9,13,4,48,-5.20219,-2.4155767,3,2.6300488855067448,-0.5419266230501624,0
56,56796.0,1001,8,7,7,24,-2.2739136,-0.5648452,5,0.8469467907068386,-1.5248804544376158,4
33,87000.0,961,4,7,2,61,-1.6997267,-5.793726,4,1.4942910211228877,1.0440853509210164,2
66,79823.0,1518,6,7,2,6,-3.6108918,-3.1312954,3,2.440209031794515,-1.019316738559554,0
45,30828.0,56,1,4,3,16,1.672694,0.75240135,2,-1.4041470315477578,-0.18981693375422246,5
54,34109.0,22,0,3,4,39,1.6349765,0.5218735,2,-1.6567610796939334,0.47179910726530355,3
51,53367.0,400,5,8,7,2,0.7208384,0.53174657,2,-0.044867376167378056,-1.7727115759174403,4
56,22390.0,26,1,2,7,49,2.0169897,0.43185997,2,-2.3705719110211505,0.16512548217855055,5
49,71322.0,350,4,7,2,31,-1.8806121,-2.8603978,3,0.8108007271232481,0.04304113492143752,1
32,79244.0,1216,4,7,1,58,-2.0303617,-6.4689116,4,1.6614542370206822,1.0754212292122198,2
76,49912.0,874,10,7,8,5,-0.75898314,0.49964133,5,0.9298427018078335,-2.611010375495406,4
75,48699.0,40,1,3,5,90,1.2462165,-0.16846819,2,-1.0410472356088851,1.647980709385087,3
50,80144.0,1367,3,8,1,47,-1.6274112,-4.4267206,4,2.0439733362305628,0.7855542846528355,2
69,54252.0,264,4,5,6,25,0.7838867,0.44307134,2,-0.3048972291771492,-0.8173989894694502,4
49,81929.0,2053,4,10,6,60,-2.165983,-3.6613128,3,2.2976172678735525,0.25592941254606755,2
50,76068.0,1376,2,4,6,67,-0.12657076,-2.752234,4,0.5051818592028411,0.8606552914417841,1
49,53204.0,45,1,3,4,40,1.433838,0.5370862,2,-1.1225723580698053,0.45671090189346486,3
76,67911.0,976,6,11,3,63,0.16679391,-0.98539305,0,2.271978710049454,0.3298459352524351,2
41,14796.0,51,1,3,9,1,2.486568,1.4121041,2,-2.8954756269215824,-1.5223979213343757,5
51,78128.0,1264,8,6,3,89,0.2969843,-2.3385065,4,1.9918303643340314,1.088386293290304,2
53,14188.0,75,2,4,6,40,1.9289526,0.50772256,2,-1.9991563394629386,-0.15422759336882194,5
39,20425.0,57,2,3,7,5,2.3325062,0.8938216,2,-2.349236421820169,-1.2190848993011218,5
63,58646.0,140,2,4,4,3,1.0163038,0.6262517,2,-0.48167746903553565,-0.8325037267571214,4
55,72967.0,497,7,8,5,1,-3.2928944,-2.0601292,3,1.1076700683641716,-1.7284631491008773,4
76,48150.0,266,5,4,7,24,0.5728216,0.8854304,2,-0.5247688918388874,-1.1566747778738957,4
64,82332.0,2006,5,12,2,89,-0.015490055,-2.4998484,4,3.4874573338456267,1.4433801260368728,2
70,58275.0,615,8,7,7,48,-0.37136886,-0.04778327,0,0.7462934575384645,-0.8720575055046876,4
44,44953.0,1021,7,13,6,31,-3.7157874,-1.2432834,3,1.3119855404892529,-1.1745381137626132,0
72,34587.0,22,1,3,4,68,1.193291,-0.14643788,2,-1.280959207287505,1.1104016022876666,3
51,43018.0,133,2,2,5,46,1.5209233,0.45929557,2,-1.4278896617161665,0.329230979121813,3
71,45736.0,437,7,6,7,92,0.48918962,-0.112912826,0,0.060730201772956766,0.5318726221626092,1
56,66476.0,1013,6,10,4,80,0.25580472,-0.91053414,0,1.7288215612661553,0.7898737094820785,2
44,27733.0,57,2,3,7,16,2.1020918,0.7565149,2,-2.110721099728206,-0.8916855413508769,5
73,69805.0,1038,6,11,2,50,0.17663196,-1.132322,0,2.4778992458456606,0.11352496845099648,2
63,72217.0,1573,3,8,2,93,0.3123579,-2.4607098,4,2.054809797656548,1.901835897070452,2
54,25818.0,28,0,2,7,51,2.1145542,0.46094924,2,-2.441191101639066,0.38036350107390493,3
49,37509.0,123,3,4,7,24,1.6311942,0.8478228,2,-1.4900466658975018,-0.8039133212124163,5
49,25176.0,13,1,2,7,79,2.2410464,0.28324232,2,-2.3938192859944185,1.0870761134478237,3
45,43586.0,132,3,4,8,26,1.6863279,0.8175321,2,-1.5413716312200645,-0.8517087015544823,5
69,53230.0,732,5,12,5,86,0.19555017,-0.6588268,0,1.3535326811541206,0.8045840747920809,2
68,50116.0,66,1,4,5,68,1.2614069,0.010767585,2,-0.9395750511894779,1.013291609163886,3
53,84906.0,1631,5,12,2,98,0.17293009,-3.3802607,4,3.1021793451348763,1.7697675564538609,2
59,61286.0,608,7,8,5,34,-1.6345507,-0.7671693,5,0.9860791193434196,-0.8206853248926911,4
39,82333.0,1822,4,10,2,60,-1.9145987,-6.014805,4,2.5985079301911926,0.8882650106215783,2
60,65220.0,1282,8,7,6,3,-3.6290894,-1.7612375,3,1.4732055186738906,-1.9858499544431432,0
51,33590.0,8,1,2,7,65,2.03778,0.3482127,2,-2.1795110980094643,0.6976954406953608,3
49,30992.0,43,1,3,7,83,2.0880957,0.19131948,2,-2.0887938276989573,1.2008359113551625,3
49,72309.0,1931,5,8,3,64,-0.5434109,-4.0693035,4,2.272343921307357,0.6915402118149084,2
76,156924.0,8,0,0,0,85,0.7623385,-2.189625,0,1.695767422811842,2.8274291024842833,2
45,16005.0,103,2,2,8,69,2.4503722,0.40045393,2,-2.612409256105185,0.49549780801761667,3
68,65487.0,1169,3,6,2,48,0.34416786,-1.3208032,0,1.325823343768734,0.5875933286130175,2
60,58692.0,395,8,4,7,21,0.26506597,0.42460436,0,0.013112416460904082,-1.5435535348862954,4
56,40590.0,258,3,3,6,30,1.2836225,0.67343175,2,-1.205630199139952,-0.4785742796875645,5
55,20587.0,25,1,2,7,39,2.05599,0.5167708,2,-2.4297410933440684,-0.13060500834586258,5
71,62637.0,185,2,5,2,76,0.7971046,-1.1199596,0,0.2207283612604477,1.5572987187776628,1
59,29435.0,180,3,2,9,11,1.6492794,1.3806969,2,-2.0996085887765537,-1.5028565500445978,5
51,19346.0,22,1,3,8,26,2.1675975,0.8781299,2,-2.5261795846735122,-0.6695692711779878,5
54,35788.0,44,2,3,6,34,1.6243669,0.5061713,2,-1.648050438185519,-0.23189502288701658,5
57,36997.0,94,2,4,5,72,1.4198912,-0.010007223,2,-1.2336568853340744,0.9960973456734789,3
68,23539.0,81,2,4,6,13,1.3120285,1.275649,2,-1.5945060266095015,-0.9793418876060239,5
52,65333.0,798,9,8,6,58,-1.5501206,0.03271172,5,1.2633360743223139,-0.4893641015494967,0
68,78499.0,1334,11,4,4,12,-2.6025302,-1.2064753,5,2.195826965733103,-1.7501070375127665,0
54,29732.0,38,2,2,9,23,1.8094349,1.474987,2,-2.3975135604379667,-0.990439106456686,5
65,41275.0,61,3,3,5,33,0.992435,0.7916628,2,-1.0862910866713709,-0.2793548241633152,5
52,63516.0,300,4,7,5,30,0.7119558,0.09295048,0,0.16682482377175972,-0.465312070988963,4
63,42769.0,88,1,4,4,15,1.153598,0.6615218,2,-1.0227165411961168,-0.40169053744986966,5
67,49572.0,54,2,3,7,25,1.1150321,1.0403328,2,-1.3070413057746657,-0.6497108885776313,5
53,69209.0,1782,5,6,4,4,-5.019835,-3.9398966,1,1.6701884178431847,-1.1945795244485042,0
49,17148.0,68,3,3,8,80,2.2205007,0.23050687,2,-2.2900513282751294,0.645691472486391,3
56,40590.0,258,3,3,6,30,1.2836225,0.67343175,2,-1.205630199139952,-0.4785742796875645,5
49,30560.0,31,1,3,7,6,1.9754571,1.1564031,2,-2.134615827843293,-1.061493563583018,5
42,32146.0,66,2,4,6,16,1.9627591,0.76478827,2,-1.7304795392935968,-0.745362551979705,5
61,41713.0,174,3,4,6,57,1.1988,0.25529352,2,-1.0348259092456908,0.2728237126610628,3
50,34176.0,28,1,3,3,9,1.5100474,0.7504199,2,-1.4300099015833294,-0.3805577090567667,5
70,58482.0,731,7,9,6,59,0.2117807,-0.37943,0,1.1585699098182867,-0.3170912652587711,0
60,59686.0,274,4,6,4,78,0.7923951,-0.7515562,0,0.18195172960598838,1.065694561234615,1
61,60896.0,1701,9,4,6,90,0.20449556,-0.26482505,0,1.4624183601615062,0.4816280036166865,2
45,62994.0,312,6,4,6,74,0.93345356,-0.17792358,0,-0.23014311771023113,0.5119508617069449,1
68,47320.0,414,5,8,6,10,0.47842973,0.4290486,2,0.19307821099012407,-1.4887356123912108,4
76,74859.0,1565,6,11,3,63,0.07543194,-1.1208273,0,2.9231018621895437,0.3481749834645126,2
33,15253.0,29,1,3,7,13,2.7118285,0.934994,2,-2.6953487433894647,-0.8408203844858972,5
51,31560.0,94,2,3,8,98,1.9259287,0.021960283,2,-2.026704478073958,1.352572414356701,3
71,72071.0,1338,5,8,2,4,-2.8067317,-2.5965047,3,2.1845930989063884,-1.0151163910179075,0
35,91172.0,1092,4,7,3,94,0.66760147,-4.9068108,4,1.584984226860207,1.8717796130818118,2
41,90000.0,1479,4,5,1,91,0.6570399,-5.257554,4,1.972483304992512,2.0893808883822707,2
44,41967.0,54,1,3,4,66,1.7962488,0.11148437,2,-1.4337182119167289,1.2013981665445763,3
60,69263.0,568,9,7,6,14,-2.359227,-0.51873636,5,1.1093030254419562,-1.7752905251449196,4
55,65706.0,1199,11,12,7,77,-1.2452025,-0.11850543,5,2.321013148320281,-0.46221545422905325,0
50,60934.0,873,6,11,4,41,-2.9674866,-1.6938896,3,1.5360255918822026,-0.37164540492599313,0
74,71965.0,1213,6,5,3,21,-1.2502176,-1.3412735,5,1.672321863802138,-0.7362960599759063,0
70,65210.0,731,9,8,6,25,-1.3861834,-0.4443176,5,1.420375613467346,-1.537312329626919,0
50,79174.0,2043,5,7,2,2,-6.328559,-5.030782,1,2.528556226793239,-0.9393649486310564,0
58,81380.0,1893,4,10,2,51,-1.0875195,-3.5402193,4,2.8708699742984454,0.5360077259540811,2
52,48432.0,424,7,6,8,3,0.67949784,0.49098852,2,-0.3074480098020529,-2.133782797265047,4
54,52914.0,575,7,3,7,32,0.58912706,0.38171253,2,-0.3160583967276062,-1.0574116392618493,4
70,38946.0,257,3,6,5,84,0.9900911,-0.122033365,0,-0.4728455468796077,1.1122304787948585,1
51,26067.0,56,3,3,8,49,1.9488682,0.4273512,2,-2.0753359521434898,-0.24094158077172423,5
53,44325.0,542,8,7,8,69,0.18358731,0.037169177,0,-0.0013047196917072594,-0.37620577655390963,4
61,42523.0,125,1,4,2,96,1.1567022,-1.8370291,0,-0.6917557718623936,2.276226550216093,3
47,26487.0,69,2,3,5,23,1.8340824,0.67599785,2,-1.7858103479484009,-0.4119488301180439,5
68,53233.0,40,1,3,4,18,1.0360305,0.508945,2,-0.8943709699252014,-0.2728247352689751,5
65,67716.0,1016,7,13,5,8,-3.7810545,-1.3853908,3,2.2520083846739896,-1.7139464731560305,0
53,76234.0,907,8,11,3,21,-4.340341,-2.0446725,3,2.3641983808512705,-1.0417416490644182,0
69,84117.0,1566,7,6,2,60,0.06536345,-1.4901571,0,2.6231842572358417,0.457088379127716,2
68,65487.0,1169,3,6,2,48,0.34416786,-1.3208032,0,1.325823343768734,0.5875933286130175,2
53,25224.0,46,1,3,3,36,1.5897766,0.5430258,2,-1.5789735279219708,0.3664038553343321,3
42,89616.0,1644,7,12,2,36,-5.94429,-4.060346,1,3.3215530899514065,-0.25597066648249106,0
54,40851.0,59,1,2,7,63,1.816719,0.32793772,2,-1.9293788159671275,0.6514366801087691,3
78,27469.0,17,0,3,6,2,1.2541333,1.5527405,2,-1.8317982151477277,-1.0364067308977176,5
68,82347.0,1853,7,10,3,38,-1.1659105,-1.9067862,5,3.215164804974531,-0.43779521797050724,0
68,73803.0,1528,9,6,6,61,0.10943574,-0.3950735,0,1.9852558349704554,-0.4007980363957434,0
73,8820.0,35,3,3,8,52,1.0813061,1.853252,2,-2.2207642638333813,-0.31196975700913887,5
51,43322.0,141,3,4,7,25,1.5125159,0.77323145,2,-1.3128819664248674,-0.7625364663641543,5
52,55593.0,546,6,3,6,63,0.7912741,-0.044237144,0,-0.26817058964938834,0.15301800292586604,1
71,50501.0,500,5,4,6,10,0.56641793,0.47881022,2,-0.19118520259118396,-1.3938810273903026,4
50,37085.0,61,3,3,8,65,1.8661214,0.294416,2,-1.8191974390321295,0.2730772373600836,3
35,16185.0,106,2,2,8,71,2.7454176,0.49085772,2,-2.7308159941991392,0.5989053746998116,3
56,57731.0,704,8,6,6,0,-1.8227632,-0.42409113,5,0.6251295702736636,-2.0523352783421296,4
52,48432.0,424,7,6,8,3,0.67949784,0.49098852,2,-0.3074480098020529,-2.133782797265047,4
47,73807.0,849,5,11,2,88,0.42909405,-2.9295301,4,1.9727722901993037,1.4958549570839674,2
35,18929.0,85,1,4,6,15,2.4422696,0.8965364,2,-2.2425492215590865,-0.6566098052635877,5
57,35893.0,199,3,5,8,80,1.413206,0.07303983,2,-1.3558992506596814,0.6279778884994432,3
45,61014.0,1147,9,4,7,17,-3.0344784,-0.99812526,5,0.6287586829492383,-1.730519137623809,4
71,32144.0,54,2,3,7,76,1.1837924,-0.06537625,2,-1.6497354819899746,0.7670772711638257,3
62,14918.0,43,1,3,6,52,1.8085186,0.35496324,2,-2.161701957923816,0.3211811666978918,3
62,45146.0,53,1,2,4,28,1.1542488,0.48277247,2,-1.2880273557328688,0.042213059251824996,5
70,41769.0,521,8,7,8,31,0.020002246,0.624245,0,0.12232580980220621,-1.5758960532430484,4
44,88325.0,1623,6,9,2,42,-3.7923794,-5.5041914,1,2.7464811016582638,0.11544816719006233,2
75,38054.0,45,2,3,7,24,0.9935751,1.3267888,2,-1.4851890957621041,-0.7559030409242347,5
30,80617.0,1435,4,8,2,42,-4.517139,-7.268693,1,1.8344748952732577,0.44644767823164594,2
49,5305.0,32,1,0,13,12,2.5580056,2.4836936,2,-4.064667509361428,-1.7797568486461952,5
71,36807.0,16,1,2,6,88,1.2950746,-0.1585608,2,-1.6858191728549046,1.4424813197849282,3
42,28427.0,52,2,3,8,67,2.3430426,0.41014662,2,-2.258761406755993,0.47114570896342034,3
77,82032.0,1234,4,7,1,54,0.23610677,-1.5236305,0,2.306688910704488,0.7695551031930346,2
47,22775.0,15,1,2,8,40,2.3689651,0.5895015,2,-2.63894924838172,-0.20398994193454098,5
40,40101.0,415,6,6,7,73,1.2754654,0.22612801,2,-0.6148120206226154,0.225772588853346,1
46,58025.0,470,3,10,4,81,0.7316136,-1.9908276,0,0.5696437369434856,1.244955930930964,1
43,75777.0,1438,3,11,1,12,-6.582999,-5.2131743,1,2.3262958007162537,-0.30107664501227105,0
46,7500.0,53,3,2,7,7,2.1579678,1.3382046,2,-2.581498522867655,-1.3488611686711105,5
62,33562.0,51,2,4,4,33,1.1479497,0.5359239,2,-1.1481009550023094,-0.03696863707851852,5
55,57642.0,679,7,6,4,24,-2.2264082,-1.9571638,5,0.7735516674174477,-0.9158783273096283,4
57,58554.0,586,8,6,7,55,-0.4616522,-0.03197593,0,0.42564290837540913,-0.5835001210561919,4
46,63777.0,653,11,6,8,87,0.21914205,-0.029431455,0,0.709527818046093,-0.1292925628039402,1
63,57967.0,468,4,8,5,39,0.50422305,-0.48065457,0,0.4587501725671293,-0.2959368155195131,1
53,24434.0,50,2,2,7,9,1.8738927,1.2516092,2,-2.2252716806086092,-1.12434967054829,5
41,11012.0,84,3,2,9,82,2.6858277,0.31452885,2,-2.8152593031439617,0.5956350103732806,3
55,44802.0,1049,9,12,8,71,-1.611599,-0.13093331,5,1.294001447386974,-0.5876990833723934,0
39,26816.0,22,0,3,4,50,2.203339,0.61164874,2,-2.0133678487895086,0.8344929765585114,3
51,34421.0,30,1,2,7,81,2.0210836,0.19178014,2,-2.136399807723963,1.1702465604006183,3
58,61223.0,1341,9,4,5,46,-1.3905776,-0.84660614,5,1.2717288295663232,-0.6457159165295837,0
79,64014.0,444,8,5,7,56,0.4068821,0.03315483,0,0.5716095389254541,-0.6052923143285344,4
44,56981.0,1241,2,13,6,91,0.40123385,-2.2331307,4,1.1549752434744305,1.3047773617934844,2
69,69245.0,843,6,10,3,8,-2.5535553,-1.8935112,3,1.9448103172153723,-1.2234843070929418,0
71,52869.0,172,3,4,7,40,0.8124157,0.8185981,2,-0.8059945178709357,-0.3760428466540257,5
